[2026-02-17T12:59:35.813] [INFO] devops-prov.factory - Switching account key to: 'B-M-1YX7F48:1-8BYUX'
[2026-02-17T12:59:35.814] [INFO] devops-prov.factory - Switching account key to: 'B-M-1YX7F48:1-8BYUX'
[2026-02-17T12:59:35.814] [INFO] devops-prov.factory - Using credentials file: '/Users/jgrinwis/.edgerc', section: 'gss'
[2026-02-17T12:59:35.814] [INFO] devops-prov - Settings file:  {
  devopsHome: '/Users/jgrinwis/Projects/netlify',
  outputFormat: 'table',
  accountSwitchKey: 'B-M-1YX7F48:1-8BYUX',
  edgeGridConfig: { path: '/Users/jgrinwis/.edgerc', section: 'gss' }
}
[2026-02-17T12:59:35.814] [INFO] devops-prov - emails for activation:  Set(1) { 'noreply@akamai.com' }
[2026-02-17T12:59:35.814] [INFO] devops-prov.factory - need to create papi
[2026-02-17T12:59:35.816] [INFO] devops-prov.openclient - Requesting: POST /papi/v1/search/find-by-value
[2026-02-17T12:59:35.818] [INFO] devops-prov.edgegrid.auth - Unsigned authorization header: EG1-HMAC-SHA256 client_token=akab-bic72rx3kwi5am6u-qq65syz63kvrxkl5;access_token=akab-hy2fi6sv4apv2ht2-pgik3gwxxsfupvzr;timestamp=20260217T11:59:35+0000;nonce=4b344576-a7cd-489c-b61a-0306147ba4b3;

[2026-02-17T12:59:35.818] [INFO] devops-prov.edgegrid.helpers - Body is "{"propertyName":"ew.grinwis.com"}"
[2026-02-17T12:59:35.818] [DEBUG] devops-prov.edgegrid.helpers - PREPARED BODY LENGTH 33
[2026-02-17T12:59:35.818] [INFO] devops-prov.edgegrid.helpers - Signing content: "{"propertyName":"ew.grinwis.com"}"
[2026-02-17T12:59:35.818] [DEBUG] devops-prov.edgegrid.helpers - PREPARED BODY {"propertyName":"ew.grinwis.com"}
[2026-02-17T12:59:35.819] [INFO] devops-prov.edgegrid.helpers - Content hash is "g+raTcFwK/dEt4fLwXuXr5XyaXIAB9AdjzlGbmorcnA="
[2026-02-17T12:59:35.819] [INFO] devops-prov.edgegrid.helpers - Data to sign: "POST	https	akab-jdn2ct6ewvfefhhb-csofinvorrtwiu5w.luna.akamaiapis.net	/papi/v1/search/find-by-value?accountSwitchKey=B-M-1YX7F48:1-8BYUX		g+raTcFwK/dEt4fLwXuXr5XyaXIAB9AdjzlGbmorcnA=	EG1-HMAC-SHA256 client_token=akab-bic72rx3kwi5am6u-qq65syz63kvrxkl5;access_token=akab-hy2fi6sv4apv2ht2-pgik3gwxxsfupvzr;timestamp=20260217T11:59:35+0000;nonce=4b344576-a7cd-489c-b61a-0306147ba4b3;" 

[2026-02-17T12:59:35.819] [INFO] devops-prov.edgegrid.helpers - Signing key: IREfZtiqudTAR44C5ct5y/CAp/YrGEWkJd8PRX+kyKg=

[2026-02-17T12:59:35.819] [INFO] devops-prov.edgegrid.auth - Signed authorization header: EG1-HMAC-SHA256 client_token=akab-bic72rx3kwi5am6u-qq65syz63kvrxkl5;access_token=akab-hy2fi6sv4apv2ht2-pgik3gwxxsfupvzr;timestamp=20260217T11:59:35+0000;nonce=4b344576-a7cd-489c-b61a-0306147ba4b3;signature=bP3vqEh4b9L2pLJI6hK8DfkanFDz1TdS8/axKUrE7gE=

[2026-02-17T12:59:35.838] [INFO] devops-prov.edgegrid - request {
  debugId: 1,
  uri: 'https://akab-jdn2ct6ewvfefhhb-csofinvorrtwiu5w.luna.akamaiapis.net/papi/v1/search/find-by-value?accountSwitchKey=B-M-1YX7F48:1-8BYUX',
  method: 'POST',
  headers: {
    'X-User-Agent': 'Akamai-PD; Version=0.7.8-RELEASE;pm-cli;',
    'User-Agent': 'Akamai-PD; Version=0.7.8-RELEASE;pm-cli;',
    'Content-Type': 'application/json',
    Authorization: 'EG1-HMAC-SHA256 client_token=akab-bic72rx3kwi5am6u-qq65syz63kvrxkl5;access_token=akab-hy2fi6sv4apv2ht2-pgik3gwxxsfupvzr;timestamp=20260217T11:59:35+0000;nonce=4b344576-a7cd-489c-b61a-0306147ba4b3;signature=bP3vqEh4b9L2pLJI6hK8DfkanFDz1TdS8/axKUrE7gE=',
    host: 'akab-jdn2ct6ewvfefhhb-csofinvorrtwiu5w.luna.akamaiapis.net',
    'content-length': 33
  },
  body: '{"propertyName":"ew.grinwis.com"}'
}
[2026-02-17T12:59:36.756] [INFO] devops-prov.edgegrid - response {
  debugId: 1,
  headers: {
    'content-type': 'application/json',
    'x-trace-id': 'f45a1e6c1a1e0eab',
    'x-ids-session-id': 'c62b3c06-e322-4898-a648-d153d6ed3e35, c62b3c06-e322-4898-a648-d153d6ed3e35',
    'x-ratelimit-limit': '2500',
    'x-ratelimit-remaining': '2499',
    vary: 'accept-encoding',
    'papi-cache-status': 'CACHE_MISS',
    'strict-transport-security': 'max-age=31536000; includeSubDomains',
    'content-length': '1282',
    date: 'Tue, 17 Feb 2026 11:59:36 GMT',
    connection: 'keep-alive'
  },
  statusCode: 200,
  body: '{\n' +
    '  "versions" : {\n' +
    '    "items" : [ {\n' +
    '      "accountId" : "act_B-M-1YX7F48",\n' +
    '      "contractId" : "ctr_M-1YX7F61",\n' +
    '      "assetId" : "aid_11120979",\n' +
    '      "groupId" : "grp_93068",\n' +
    '      "propertyId" : "prp_884804",\n' +
    '      "propertyName" : "ew.grinwis.com",\n' +
    '      "propertyVersion" : 239,\n' +
    '      "updatedByUser" : "jgrinwis",\n' +
    '      "updatedDate" : "2026-02-17T11:51:03Z",\n' +
    '      "productionStatus" : "INACTIVE",\n' +
    '      "stagingStatus" : "ACTIVE"\n' +
    '    }, {\n' +
    '      "accountId" : "act_B-M-1YX7F48",\n' +
    '      "contractId" : "ctr_M-1YX7F61",\n' +
    '      "assetId" : "aid_11120979",\n' +
    '      "groupId" : "grp_93068",\n' +
    '      "propertyId" : "prp_884804",\n' +
    '      "propertyName" : "ew.grinwis.com",\n' +
    '      "propertyVersion" : 240,\n' +
    '      "updatedByUser" : "jgrinwis",\n' +
    '      "updatedDate" : "2026-02-17T11:59:31Z",\n' +
    '      "productionStatus" : "INACTIVE",\n' +
    '      "stagingStatus" : "INACTIVE"\n' +
    '    }, {\n' +
    '      "accountId" : "act_B-M-1YX7F48",\n' +
    '      "contractId" : "ctr_M-1YX7F61",\n' +
    '      "assetId" : "aid_11120979",\n' +
    '      "groupId" : "grp_93068",\n' +
    '      "propertyId" : "prp_884804",\n' +
    '      "propertyName" : "ew.grinwis.com",\n' +
    '      "propertyVersion" : 220,\n' +
    '      "updatedByUser" : "jgrinwis",\n' +
    '      "updatedDate" : "2025-10-09T13:01:21Z",\n' +
    '      "productionStatus" : "ACTIVE",\n' +
    '      "stagingStatus" : "DEACTIVATED"\n' +
    '    } ]\n' +
    '  }\n' +
    '}'
}
[2026-02-17T12:59:36.756] [INFO] devops-prov.openclient - Status code:  200
[2026-02-17T12:59:36.756] [INFO] devops-prov.openclient - Body:  {
  "versions" : {
    "items" : [ {
      "accountId" : "act_B-M-1YX7F48",
      "contractId" : "ctr_M-1YX7F61",
      "assetId" : "aid_11120979",
      "groupId" : "grp_93068",
      "propertyId" : "prp_884804",
      "propertyName" : "ew.grinwis.com",
      "propertyVersion" : 239,
      "updatedByUser" : "jgrinwis",
      "updatedDate" : "2026-02-17T11:51:03Z",
      "productionStatus" : "INACTIVE",
      "stagingStatus" : "ACTIVE"
    }, {
      "accountId" : "act_B-M-1YX7F48",
      "contractId" : "ctr_M-1YX7F61",
      "assetId" : "aid_11120979",
      "groupId" : "grp_93068",
      "propertyId" : "prp_884804",
      "propertyName" : "ew.grinwis.com",
      "propertyVersion" : 240,
      "updatedByUser" : "jgrinwis",
      "updatedDate" : "2026-02-17T11:59:31Z",
      "productionStatus" : "INACTIVE",
      "stagingStatus" : "INACTIVE"
    }, {
      "accountId" : "act_B-M-1YX7F48",
      "contractId" : "ctr_M-1YX7F61",
      "assetId" : "aid_11120979",
      "groupId" : "grp_93068",
      "propertyId" : "prp_884804",
      "propertyName" : "ew.grinwis.com",
      "propertyVersion" : 220,
      "updatedByUser" : "jgrinwis",
      "updatedDate" : "2025-10-09T13:01:21Z",
      "productionStatus" : "ACTIVE",
      "stagingStatus" : "DEACTIVATED"
    } ]
  }
}
[2026-02-17T12:59:36.757] [INFO] devops-prov.openclient - Requesting: GET /papi/v1/properties/884804/versions/latest
[2026-02-17T12:59:36.758] [INFO] devops-prov.edgegrid.auth - Unsigned authorization header: EG1-HMAC-SHA256 client_token=akab-bic72rx3kwi5am6u-qq65syz63kvrxkl5;access_token=akab-hy2fi6sv4apv2ht2-pgik3gwxxsfupvzr;timestamp=20260217T11:59:36+0000;nonce=ff24cd5e-6092-415a-a906-dc7277be91cc;

[2026-02-17T12:59:36.758] [INFO] devops-prov.edgegrid.helpers - Body is ""
[2026-02-17T12:59:36.758] [DEBUG] devops-prov.edgegrid.helpers - PREPARED BODY LENGTH 0
[2026-02-17T12:59:36.758] [INFO] devops-prov.edgegrid.helpers - Data to sign: "GET	https	akab-jdn2ct6ewvfefhhb-csofinvorrtwiu5w.luna.akamaiapis.net	/papi/v1/properties/884804/versions/latest?accountSwitchKey=B-M-1YX7F48:1-8BYUX			EG1-HMAC-SHA256 client_token=akab-bic72rx3kwi5am6u-qq65syz63kvrxkl5;access_token=akab-hy2fi6sv4apv2ht2-pgik3gwxxsfupvzr;timestamp=20260217T11:59:36+0000;nonce=ff24cd5e-6092-415a-a906-dc7277be91cc;" 

[2026-02-17T12:59:36.758] [INFO] devops-prov.edgegrid.helpers - Signing key: 05/NM84yp4zaxoOXjlssxd0DBc+fSTPSpiF++W3hUnU=

[2026-02-17T12:59:36.758] [INFO] devops-prov.edgegrid.auth - Signed authorization header: EG1-HMAC-SHA256 client_token=akab-bic72rx3kwi5am6u-qq65syz63kvrxkl5;access_token=akab-hy2fi6sv4apv2ht2-pgik3gwxxsfupvzr;timestamp=20260217T11:59:36+0000;nonce=ff24cd5e-6092-415a-a906-dc7277be91cc;signature=x4ZP4fDlhJrX08LtXy/QT3IV6ggjK9W7Vzwyxznj/Hc=

[2026-02-17T12:59:36.758] [INFO] devops-prov.edgegrid - request {
  debugId: 2,
  uri: 'https://akab-jdn2ct6ewvfefhhb-csofinvorrtwiu5w.luna.akamaiapis.net/papi/v1/properties/884804/versions/latest?accountSwitchKey=B-M-1YX7F48:1-8BYUX',
  method: 'GET',
  headers: {
    'X-User-Agent': 'Akamai-PD; Version=0.7.8-RELEASE;pm-cli;',
    'User-Agent': 'Akamai-PD; Version=0.7.8-RELEASE;pm-cli;',
    Authorization: 'EG1-HMAC-SHA256 client_token=akab-bic72rx3kwi5am6u-qq65syz63kvrxkl5;access_token=akab-hy2fi6sv4apv2ht2-pgik3gwxxsfupvzr;timestamp=20260217T11:59:36+0000;nonce=ff24cd5e-6092-415a-a906-dc7277be91cc;signature=x4ZP4fDlhJrX08LtXy/QT3IV6ggjK9W7Vzwyxznj/Hc=',
    host: 'akab-jdn2ct6ewvfefhhb-csofinvorrtwiu5w.luna.akamaiapis.net'
  }
}
[2026-02-17T12:59:37.230] [INFO] devops-prov.edgegrid - response {
  debugId: 2,
  headers: {
    'content-type': 'application/json',
    'x-trace-id': '3befe2e95ca6b5f8',
    'x-ids-session-id': '4df8fbc9-948b-41bc-80be-d15577c745de, 4df8fbc9-948b-41bc-80be-d15577c745de',
    'x-ratelimit-limit': '2500',
    'x-ratelimit-remaining': '2498',
    location: 'https://akab-jdn2ct6ewvfefhhb-csofinvorrtwiu5w.luna.akamaiapis.net/papi/v1/properties/prp_884804/versions/240?accountSwitchKey=B-M-1YX7F48%3A1-8BYUX',
    vary: 'accept-encoding',
    'papi-cache-status': 'CACHE_MISS',
    'strict-transport-security': 'max-age=31536000; includeSubDomains',
    'content-length': '106',
    date: 'Tue, 17 Feb 2026 11:59:37 GMT',
    connection: 'keep-alive'
  },
  statusCode: 302,
  body: '{\n' +
    '  "versionLink" : "/papi/v1/properties/prp_884804/versions/240?accountSwitchKey=B-M-1YX7F48%3A1-8BYUX"\n' +
    '}'
}
[2026-02-17T12:59:37.231] [INFO] devops-prov.edgegrid.auth - Unsigned authorization header: EG1-HMAC-SHA256 client_token=akab-bic72rx3kwi5am6u-qq65syz63kvrxkl5;access_token=akab-hy2fi6sv4apv2ht2-pgik3gwxxsfupvzr;timestamp=20260217T11:59:37+0000;nonce=1c046ac7-292e-42af-b55e-544dc75a84e7;

[2026-02-17T12:59:37.231] [INFO] devops-prov.edgegrid.helpers - Body is ""
[2026-02-17T12:59:37.231] [DEBUG] devops-prov.edgegrid.helpers - PREPARED BODY LENGTH 0
[2026-02-17T12:59:37.231] [INFO] devops-prov.edgegrid.helpers - Data to sign: "GET	https	akab-jdn2ct6ewvfefhhb-csofinvorrtwiu5w.luna.akamaiapis.net	/papi/v1/properties/prp_884804/versions/240?accountSwitchKey=B-M-1YX7F48%3A1-8BYUX			EG1-HMAC-SHA256 client_token=akab-bic72rx3kwi5am6u-qq65syz63kvrxkl5;access_token=akab-hy2fi6sv4apv2ht2-pgik3gwxxsfupvzr;timestamp=20260217T11:59:37+0000;nonce=1c046ac7-292e-42af-b55e-544dc75a84e7;" 

[2026-02-17T12:59:37.231] [INFO] devops-prov.edgegrid.helpers - Signing key: cCFBKM5FTrNcqhtIMUABiv8c53V4iLU33Q+wAuZULEY=

[2026-02-17T12:59:37.231] [INFO] devops-prov.edgegrid.auth - Signed authorization header: EG1-HMAC-SHA256 client_token=akab-bic72rx3kwi5am6u-qq65syz63kvrxkl5;access_token=akab-hy2fi6sv4apv2ht2-pgik3gwxxsfupvzr;timestamp=20260217T11:59:37+0000;nonce=1c046ac7-292e-42af-b55e-544dc75a84e7;signature=EAplxsESgzx/FVIHbwnD5EU4sbAtUEdZJxkTfGv8saA=

[2026-02-17T12:59:37.233] [INFO] devops-prov.edgegrid - request {
  debugId: 3,
  uri: 'https://akab-jdn2ct6ewvfefhhb-csofinvorrtwiu5w.luna.akamaiapis.net/papi/v1/properties/prp_884804/versions/240?accountSwitchKey=B-M-1YX7F48%3A1-8BYUX',
  method: 'GET',
  headers: {
    'X-User-Agent': 'Akamai-PD; Version=0.7.8-RELEASE;pm-cli;',
    'User-Agent': 'Akamai-PD; Version=0.7.8-RELEASE;pm-cli;',
    Authorization: 'EG1-HMAC-SHA256 client_token=akab-bic72rx3kwi5am6u-qq65syz63kvrxkl5;access_token=akab-hy2fi6sv4apv2ht2-pgik3gwxxsfupvzr;timestamp=20260217T11:59:37+0000;nonce=1c046ac7-292e-42af-b55e-544dc75a84e7;signature=EAplxsESgzx/FVIHbwnD5EU4sbAtUEdZJxkTfGv8saA=',
    host: 'akab-jdn2ct6ewvfefhhb-csofinvorrtwiu5w.luna.akamaiapis.net'
  }
}
[2026-02-17T12:59:37.474] [INFO] devops-prov.edgegrid - response {
  debugId: 3,
  headers: {
    'content-type': 'application/json',
    'x-trace-id': '7ea67eca3294c66c',
    'x-ids-session-id': 'c62b3c06-e322-4898-a648-d153d6ed3e35, c62b3c06-e322-4898-a648-d153d6ed3e35',
    'x-ratelimit-limit': '2500',
    'x-ratelimit-remaining': '2497',
    location: 'https://akab-jdn2ct6ewvfefhhb-csofinvorrtwiu5w.luna.akamaiapis.net/papi/v1/properties/884804/versions/240?groupId=93068&contractId=M-1YX7F61&accountSwitchKey=B-M-1YX7F48%3A1-8BYUX',
    vary: 'accept-encoding',
    'papi-cache-status': 'CACHE_MISS',
    'strict-transport-security': 'max-age=31536000; includeSubDomains',
    'content-length': '138',
    date: 'Tue, 17 Feb 2026 11:59:37 GMT',
    connection: 'keep-alive'
  },
  statusCode: 302,
  body: '{\n' +
    '  "redirectLink" : "/papi/v1/properties/884804/versions/240?groupId=93068&contractId=M-1YX7F61&accountSwitchKey=B-M-1YX7F48%3A1-8BYUX"\n' +
    '}'
}
[2026-02-17T12:59:37.475] [INFO] devops-prov.edgegrid.auth - Unsigned authorization header: EG1-HMAC-SHA256 client_token=akab-bic72rx3kwi5am6u-qq65syz63kvrxkl5;access_token=akab-hy2fi6sv4apv2ht2-pgik3gwxxsfupvzr;timestamp=20260217T11:59:37+0000;nonce=c3334754-a396-4a1f-a05a-dac901bb53b0;

[2026-02-17T12:59:37.475] [INFO] devops-prov.edgegrid.helpers - Body is ""
[2026-02-17T12:59:37.475] [DEBUG] devops-prov.edgegrid.helpers - PREPARED BODY LENGTH 0
[2026-02-17T12:59:37.476] [INFO] devops-prov.edgegrid.helpers - Data to sign: "GET	https	akab-jdn2ct6ewvfefhhb-csofinvorrtwiu5w.luna.akamaiapis.net	/papi/v1/properties/884804/versions/240?groupId=93068&contractId=M-1YX7F61&accountSwitchKey=B-M-1YX7F48%3A1-8BYUX			EG1-HMAC-SHA256 client_token=akab-bic72rx3kwi5am6u-qq65syz63kvrxkl5;access_token=akab-hy2fi6sv4apv2ht2-pgik3gwxxsfupvzr;timestamp=20260217T11:59:37+0000;nonce=c3334754-a396-4a1f-a05a-dac901bb53b0;" 

[2026-02-17T12:59:37.476] [INFO] devops-prov.edgegrid.helpers - Signing key: cCFBKM5FTrNcqhtIMUABiv8c53V4iLU33Q+wAuZULEY=

[2026-02-17T12:59:37.476] [INFO] devops-prov.edgegrid.auth - Signed authorization header: EG1-HMAC-SHA256 client_token=akab-bic72rx3kwi5am6u-qq65syz63kvrxkl5;access_token=akab-hy2fi6sv4apv2ht2-pgik3gwxxsfupvzr;timestamp=20260217T11:59:37+0000;nonce=c3334754-a396-4a1f-a05a-dac901bb53b0;signature=vMeWD6XYO+Tvzwi30jLBWM4KyfN4eIklGw9V3uShEN4=

[2026-02-17T12:59:37.477] [INFO] devops-prov.edgegrid - request {
  debugId: 4,
  uri: 'https://akab-jdn2ct6ewvfefhhb-csofinvorrtwiu5w.luna.akamaiapis.net/papi/v1/properties/884804/versions/240?groupId=93068&contractId=M-1YX7F61&accountSwitchKey=B-M-1YX7F48%3A1-8BYUX',
  method: 'GET',
  headers: {
    'X-User-Agent': 'Akamai-PD; Version=0.7.8-RELEASE;pm-cli;',
    'User-Agent': 'Akamai-PD; Version=0.7.8-RELEASE;pm-cli;',
    Authorization: 'EG1-HMAC-SHA256 client_token=akab-bic72rx3kwi5am6u-qq65syz63kvrxkl5;access_token=akab-hy2fi6sv4apv2ht2-pgik3gwxxsfupvzr;timestamp=20260217T11:59:37+0000;nonce=c3334754-a396-4a1f-a05a-dac901bb53b0;signature=vMeWD6XYO+Tvzwi30jLBWM4KyfN4eIklGw9V3uShEN4=',
    host: 'akab-jdn2ct6ewvfefhhb-csofinvorrtwiu5w.luna.akamaiapis.net'
  }
}
[2026-02-17T12:59:38.039] [INFO] devops-prov.edgegrid - response {
  debugId: 4,
  headers: {
    'content-type': 'application/json',
    'x-trace-id': '267d3e9764c9d674',
    'x-ids-session-id': 'd65e06f0-5005-4809-a918-539eb4a5dc4b, d65e06f0-5005-4809-a918-539eb4a5dc4b',
    'x-ratelimit-limit': '2500',
    'x-ratelimit-remaining': '2496',
    vary: 'accept,accept-encoding',
    'cache-control': 'no-store',
    'papi-cache-status': 'CACHE_MISS',
    'strict-transport-security': 'max-age=31536000; includeSubDomains',
    'content-length': '559',
    date: 'Tue, 17 Feb 2026 11:59:37 GMT',
    connection: 'keep-alive'
  },
  statusCode: 200,
  body: '{\n' +
    '  "propertyId" : "prp_884804",\n' +
    '  "propertyName" : "ew.grinwis.com",\n' +
    '  "accountId" : "act_B-M-1YX7F48",\n' +
    '  "contractId" : "ctr_M-1YX7F61",\n' +
    '  "groupId" : "grp_93068",\n' +
    '  "assetId" : "aid_11120979",\n' +
    '  "versions" : {\n' +
    '    "items" : [ {\n' +
    '      "propertyVersion" : 240,\n' +
    '      "updatedByUser" : "jgrinwis",\n' +
    '      "updatedDate" : "2026-02-17T11:59:31Z",\n' +
    '      "productionStatus" : "INACTIVE",\n' +
    '      "stagingStatus" : "INACTIVE",\n' +
    '      "etag" : "a8f56e9edbff399a22a017240594782eebf572ba",\n' +
    '      "productId" : "prd_Site_Accel",\n' +
    '      "ruleFormat" : "latest"\n' +
    '    } ]\n' +
    '  }\n' +
    '}'
}
[2026-02-17T12:59:38.040] [INFO] devops-prov.openclient - Status code:  200
[2026-02-17T12:59:38.040] [INFO] devops-prov.openclient - Body:  {
  "propertyId" : "prp_884804",
  "propertyName" : "ew.grinwis.com",
  "accountId" : "act_B-M-1YX7F48",
  "contractId" : "ctr_M-1YX7F61",
  "groupId" : "grp_93068",
  "assetId" : "aid_11120979",
  "versions" : {
    "items" : [ {
      "propertyVersion" : 240,
      "updatedByUser" : "jgrinwis",
      "updatedDate" : "2026-02-17T11:59:31Z",
      "productionStatus" : "INACTIVE",
      "stagingStatus" : "INACTIVE",
      "etag" : "a8f56e9edbff399a22a017240594782eebf572ba",
      "productId" : "prd_Site_Accel",
      "ruleFormat" : "latest"
    } ]
  }
}
[2026-02-17T12:59:38.041] [INFO] devops-prov.openclient - Requesting: POST /papi/v1/properties/prp_884804/activations
[2026-02-17T12:59:38.041] [INFO] devops-prov.edgegrid.auth - Unsigned authorization header: EG1-HMAC-SHA256 client_token=akab-bic72rx3kwi5am6u-qq65syz63kvrxkl5;access_token=akab-hy2fi6sv4apv2ht2-pgik3gwxxsfupvzr;timestamp=20260217T11:59:38+0000;nonce=b2366925-ae0a-44f0-b0b8-a2ef12c0fe25;

[2026-02-17T12:59:38.042] [INFO] devops-prov.edgegrid.helpers - Body is "{"propertyVersion":240,"network":"STAGING","note":"Property Manager CLI Activation","notifyEmails":["noreply@akamai.com"],"acknowledgeAllWarnings":true,"activationType":"ACTIVATE","complianceRecord":{"noncomplianceReason":"NO_PRODUCTION_TRAFFIC"}}"
[2026-02-17T12:59:38.042] [DEBUG] devops-prov.edgegrid.helpers - PREPARED BODY LENGTH 247
[2026-02-17T12:59:38.042] [INFO] devops-prov.edgegrid.helpers - Signing content: "{"propertyVersion":240,"network":"STAGING","note":"Property Manager CLI Activation","notifyEmails":["noreply@akamai.com"],"acknowledgeAllWarnings":true,"activationType":"ACTIVATE","complianceRecord":{"noncomplianceReason":"NO_PRODUCTION_TRAFFIC"}}"
[2026-02-17T12:59:38.042] [DEBUG] devops-prov.edgegrid.helpers - PREPARED BODY {"propertyVersion":240,"network":"STAGING","note":"Property Manager CLI Activation","notifyEmails":["noreply@akamai.com"],"acknowledgeAllWarnings":true,"activationType":"ACTIVATE","complianceRecord":{"noncomplianceReason":"NO_PRODUCTION_TRAFFIC"}}
[2026-02-17T12:59:38.042] [INFO] devops-prov.edgegrid.helpers - Content hash is "71eRsjjbvas/Dc9M5Op9AGouInV+RMlmE7rYUDsPtaE="
[2026-02-17T12:59:38.042] [INFO] devops-prov.edgegrid.helpers - Data to sign: "POST	https	akab-jdn2ct6ewvfefhhb-csofinvorrtwiu5w.luna.akamaiapis.net	/papi/v1/properties/prp_884804/activations?accountSwitchKey=B-M-1YX7F48:1-8BYUX		71eRsjjbvas/Dc9M5Op9AGouInV+RMlmE7rYUDsPtaE=	EG1-HMAC-SHA256 client_token=akab-bic72rx3kwi5am6u-qq65syz63kvrxkl5;access_token=akab-hy2fi6sv4apv2ht2-pgik3gwxxsfupvzr;timestamp=20260217T11:59:38+0000;nonce=b2366925-ae0a-44f0-b0b8-a2ef12c0fe25;" 

[2026-02-17T12:59:38.042] [INFO] devops-prov.edgegrid.helpers - Signing key: Rb6u5liQEkXWhcGRpJJ7fb4x22mJlEVB1bXVbeIgV9k=

[2026-02-17T12:59:38.042] [INFO] devops-prov.edgegrid.auth - Signed authorization header: EG1-HMAC-SHA256 client_token=akab-bic72rx3kwi5am6u-qq65syz63kvrxkl5;access_token=akab-hy2fi6sv4apv2ht2-pgik3gwxxsfupvzr;timestamp=20260217T11:59:38+0000;nonce=b2366925-ae0a-44f0-b0b8-a2ef12c0fe25;signature=DTZlm1UAjiLlESHRsLizOwyx3bmtNf1LeHExt7UMTTY=

[2026-02-17T12:59:38.043] [INFO] devops-prov.edgegrid - request {
  debugId: 5,
  uri: 'https://akab-jdn2ct6ewvfefhhb-csofinvorrtwiu5w.luna.akamaiapis.net/papi/v1/properties/prp_884804/activations?accountSwitchKey=B-M-1YX7F48:1-8BYUX',
  method: 'POST',
  headers: {
    'X-User-Agent': 'Akamai-PD; Version=0.7.8-RELEASE;pm-cli;',
    'User-Agent': 'Akamai-PD; Version=0.7.8-RELEASE;pm-cli;',
    'Content-Type': 'application/json',
    Authorization: 'EG1-HMAC-SHA256 client_token=akab-bic72rx3kwi5am6u-qq65syz63kvrxkl5;access_token=akab-hy2fi6sv4apv2ht2-pgik3gwxxsfupvzr;timestamp=20260217T11:59:38+0000;nonce=b2366925-ae0a-44f0-b0b8-a2ef12c0fe25;signature=DTZlm1UAjiLlESHRsLizOwyx3bmtNf1LeHExt7UMTTY=',
    host: 'akab-jdn2ct6ewvfefhhb-csofinvorrtwiu5w.luna.akamaiapis.net',
    'content-length': 247
  },
  body: '{"propertyVersion":240,"network":"STAGING","note":"Property Manager CLI Activation","notifyEmails":["noreply@akamai.com"],"acknowledgeAllWarnings":true,"activationType":"ACTIVATE","complianceRecord":{"noncomplianceReason":"NO_PRODUCTION_TRAFFIC"}}'
}
[2026-02-17T12:59:56.388] [INFO] devops-prov.edgegrid - response {
  debugId: 5,
  headers: {
    'content-type': 'application/json',
    'x-trace-id': '2387aeb852ab3154',
    'x-ids-session-id': 'd65e06f0-5005-4809-a918-539eb4a5dc4b, d65e06f0-5005-4809-a918-539eb4a5dc4b',
    'x-ratelimit-limit': '2500',
    'x-ratelimit-remaining': '2495',
    location: 'https://akab-jdn2ct6ewvfefhhb-csofinvorrtwiu5w.luna.akamaiapis.net/papi/v1/properties/prp_884804/activations/atv_19090962?accountSwitchKey=B-M-1YX7F48%3A1-8BYUX',
    'x-ratelimit-activations-limit': '500',
    'x-ratelimit-activations-remaining': '489',
    'x-ratelimit-activations-reset': '2026-02-17T21:47:30Z',
    vary: 'accept-encoding',
    'papi-cache-status': 'CACHE_MISS',
    'strict-transport-security': 'max-age=31536000; includeSubDomains',
    'content-length': '121',
    date: 'Tue, 17 Feb 2026 11:59:56 GMT',
    connection: 'keep-alive'
  },
  statusCode: 201,
  body: '{\n' +
    '  "activationLink" : "/papi/v1/properties/prp_884804/activations/atv_19090962?accountSwitchKey=B-M-1YX7F48%3A1-8BYUX"\n' +
    '}'
}
[2026-02-17T12:59:56.389] [INFO] devops-prov.openclient - Status code:  201
[2026-02-17T12:59:56.389] [INFO] devops-prov.openclient - Body:  {
  "activationLink" : "/papi/v1/properties/prp_884804/activations/atv_19090962?accountSwitchKey=B-M-1YX7F48%3A1-8BYUX"
}
[2026-02-17T12:59:56.390] [INFO] devops-prov.envionment - activation regex results:  [
  '/papi/v1/properties/prp_884804/activations/atv_19090962',
  'prp_',
  'atv_',
  '19090962',
  index: 0,
  input: '/papi/v1/properties/prp_884804/activations/atv_19090962?accountSwitchKey=B-M-1YX7F48%3A1-8BYUX',
  groups: undefined
]
[2026-02-17T16:07:21.079] [INFO] devops-prov.factory - Switching account key to: 'B-M-1YX7F48:1-8BYUX'
[2026-02-17T16:07:21.080] [INFO] devops-prov.factory - Switching account key to: 'B-M-1YX7F48:1-8BYUX'
[2026-02-17T16:07:21.080] [INFO] devops-prov.factory - Using credentials file: '/Users/jgrinwis/.edgerc', section: 'gss'
[2026-02-17T16:07:21.080] [INFO] devops-prov - Settings file:  {
  devopsHome: '/Users/jgrinwis/Projects/netlify',
  outputFormat: 'table',
  accountSwitchKey: 'B-M-1YX7F48:1-8BYUX',
  edgeGridConfig: { path: '/Users/jgrinwis/.edgerc', section: 'gss' }
}
[2026-02-17T16:07:21.081] [INFO] devops-prov - emails for activation:  Set(1) { 'noreply@akamai.com' }
[2026-02-17T16:07:21.081] [INFO] devops-prov.factory - need to create papi
[2026-02-17T16:07:21.082] [INFO] devops-prov.openclient - Requesting: POST /papi/v1/search/find-by-value
[2026-02-17T16:07:21.084] [INFO] devops-prov.edgegrid.auth - Unsigned authorization header: EG1-HMAC-SHA256 client_token=akab-bic72rx3kwi5am6u-qq65syz63kvrxkl5;access_token=akab-hy2fi6sv4apv2ht2-pgik3gwxxsfupvzr;timestamp=20260217T15:07:21+0000;nonce=047527f7-eb7c-47fb-8701-0bab60b389be;

[2026-02-17T16:07:21.084] [INFO] devops-prov.edgegrid.helpers - Body is "{"propertyName":"ew.grinwis.com"}"
[2026-02-17T16:07:21.084] [DEBUG] devops-prov.edgegrid.helpers - PREPARED BODY LENGTH 33
[2026-02-17T16:07:21.084] [INFO] devops-prov.edgegrid.helpers - Signing content: "{"propertyName":"ew.grinwis.com"}"
[2026-02-17T16:07:21.084] [DEBUG] devops-prov.edgegrid.helpers - PREPARED BODY {"propertyName":"ew.grinwis.com"}
[2026-02-17T16:07:21.085] [INFO] devops-prov.edgegrid.helpers - Content hash is "g+raTcFwK/dEt4fLwXuXr5XyaXIAB9AdjzlGbmorcnA="
[2026-02-17T16:07:21.085] [INFO] devops-prov.edgegrid.helpers - Data to sign: "POST	https	akab-jdn2ct6ewvfefhhb-csofinvorrtwiu5w.luna.akamaiapis.net	/papi/v1/search/find-by-value?accountSwitchKey=B-M-1YX7F48:1-8BYUX		g+raTcFwK/dEt4fLwXuXr5XyaXIAB9AdjzlGbmorcnA=	EG1-HMAC-SHA256 client_token=akab-bic72rx3kwi5am6u-qq65syz63kvrxkl5;access_token=akab-hy2fi6sv4apv2ht2-pgik3gwxxsfupvzr;timestamp=20260217T15:07:21+0000;nonce=047527f7-eb7c-47fb-8701-0bab60b389be;" 

[2026-02-17T16:07:21.085] [INFO] devops-prov.edgegrid.helpers - Signing key: +pW2Yu1yTROziOK/RAB2CZW0ouW+AyJniA81ajiOHqE=

[2026-02-17T16:07:21.085] [INFO] devops-prov.edgegrid.auth - Signed authorization header: EG1-HMAC-SHA256 client_token=akab-bic72rx3kwi5am6u-qq65syz63kvrxkl5;access_token=akab-hy2fi6sv4apv2ht2-pgik3gwxxsfupvzr;timestamp=20260217T15:07:21+0000;nonce=047527f7-eb7c-47fb-8701-0bab60b389be;signature=a6jivo1OgxGlVQhMF6YPpADIVusu8kUrrviBqql+D6U=

[2026-02-17T16:07:21.108] [INFO] devops-prov.edgegrid - request {
  debugId: 1,
  uri: 'https://akab-jdn2ct6ewvfefhhb-csofinvorrtwiu5w.luna.akamaiapis.net/papi/v1/search/find-by-value?accountSwitchKey=B-M-1YX7F48:1-8BYUX',
  method: 'POST',
  headers: {
    'X-User-Agent': 'Akamai-PD; Version=0.7.8-RELEASE;pm-cli;',
    'User-Agent': 'Akamai-PD; Version=0.7.8-RELEASE;pm-cli;',
    'Content-Type': 'application/json',
    Authorization: 'EG1-HMAC-SHA256 client_token=akab-bic72rx3kwi5am6u-qq65syz63kvrxkl5;access_token=akab-hy2fi6sv4apv2ht2-pgik3gwxxsfupvzr;timestamp=20260217T15:07:21+0000;nonce=047527f7-eb7c-47fb-8701-0bab60b389be;signature=a6jivo1OgxGlVQhMF6YPpADIVusu8kUrrviBqql+D6U=',
    host: 'akab-jdn2ct6ewvfefhhb-csofinvorrtwiu5w.luna.akamaiapis.net',
    'content-length': 33
  },
  body: '{"propertyName":"ew.grinwis.com"}'
}
[2026-02-17T16:07:22.176] [INFO] devops-prov.edgegrid - response {
  debugId: 1,
  headers: {
    'content-type': 'application/json',
    'x-trace-id': 'f3f7e73a9078e552',
    'x-ids-session-id': '15a74f04-218b-4e47-9789-8a592afa2e3d, 15a74f04-218b-4e47-9789-8a592afa2e3d',
    'x-ratelimit-limit': '2500',
    'x-ratelimit-remaining': '2499',
    vary: 'accept-encoding',
    'papi-cache-status': 'CACHE_MISS',
    'strict-transport-security': 'max-age=31536000; includeSubDomains',
    'content-length': '868',
    date: 'Tue, 17 Feb 2026 15:07:22 GMT',
    connection: 'keep-alive'
  },
  statusCode: 200,
  body: '{\n' +
    '  "versions" : {\n' +
    '    "items" : [ {\n' +
    '      "accountId" : "act_B-M-1YX7F48",\n' +
    '      "contractId" : "ctr_M-1YX7F61",\n' +
    '      "assetId" : "aid_11120979",\n' +
    '      "groupId" : "grp_93068",\n' +
    '      "propertyId" : "prp_884804",\n' +
    '      "propertyName" : "ew.grinwis.com",\n' +
    '      "propertyVersion" : 242,\n' +
    '      "updatedByUser" : "jgrinwis",\n' +
    '      "updatedDate" : "2026-02-17T14:48:19Z",\n' +
    '      "productionStatus" : "INACTIVE",\n' +
    '      "stagingStatus" : "ACTIVE"\n' +
    '    }, {\n' +
    '      "accountId" : "act_B-M-1YX7F48",\n' +
    '      "contractId" : "ctr_M-1YX7F61",\n' +
    '      "assetId" : "aid_11120979",\n' +
    '      "groupId" : "grp_93068",\n' +
    '      "propertyId" : "prp_884804",\n' +
    '      "propertyName" : "ew.grinwis.com",\n' +
    '      "propertyVersion" : 220,\n' +
    '      "updatedByUser" : "jgrinwis",\n' +
    '      "updatedDate" : "2025-10-09T13:01:21Z",\n' +
    '      "productionStatus" : "ACTIVE",\n' +
    '      "stagingStatus" : "DEACTIVATED"\n' +
    '    } ]\n' +
    '  }\n' +
    '}'
}
[2026-02-17T16:07:22.177] [INFO] devops-prov.openclient - Status code:  200
[2026-02-17T16:07:22.177] [INFO] devops-prov.openclient - Body:  {
  "versions" : {
    "items" : [ {
      "accountId" : "act_B-M-1YX7F48",
      "contractId" : "ctr_M-1YX7F61",
      "assetId" : "aid_11120979",
      "groupId" : "grp_93068",
      "propertyId" : "prp_884804",
      "propertyName" : "ew.grinwis.com",
      "propertyVersion" : 242,
      "updatedByUser" : "jgrinwis",
      "updatedDate" : "2026-02-17T14:48:19Z",
      "productionStatus" : "INACTIVE",
      "stagingStatus" : "ACTIVE"
    }, {
      "accountId" : "act_B-M-1YX7F48",
      "contractId" : "ctr_M-1YX7F61",
      "assetId" : "aid_11120979",
      "groupId" : "grp_93068",
      "propertyId" : "prp_884804",
      "propertyName" : "ew.grinwis.com",
      "propertyVersion" : 220,
      "updatedByUser" : "jgrinwis",
      "updatedDate" : "2025-10-09T13:01:21Z",
      "productionStatus" : "ACTIVE",
      "stagingStatus" : "DEACTIVATED"
    } ]
  }
}
[2026-02-17T16:07:22.178] [INFO] devops-prov.openclient - Requesting: GET /papi/v1/properties/884804/versions/latest
[2026-02-17T16:07:22.178] [INFO] devops-prov.edgegrid.auth - Unsigned authorization header: EG1-HMAC-SHA256 client_token=akab-bic72rx3kwi5am6u-qq65syz63kvrxkl5;access_token=akab-hy2fi6sv4apv2ht2-pgik3gwxxsfupvzr;timestamp=20260217T15:07:22+0000;nonce=a592c3e7-0925-43f2-9685-61859ce74f59;

[2026-02-17T16:07:22.178] [INFO] devops-prov.edgegrid.helpers - Body is ""
[2026-02-17T16:07:22.178] [DEBUG] devops-prov.edgegrid.helpers - PREPARED BODY LENGTH 0
[2026-02-17T16:07:22.178] [INFO] devops-prov.edgegrid.helpers - Data to sign: "GET	https	akab-jdn2ct6ewvfefhhb-csofinvorrtwiu5w.luna.akamaiapis.net	/papi/v1/properties/884804/versions/latest?accountSwitchKey=B-M-1YX7F48:1-8BYUX			EG1-HMAC-SHA256 client_token=akab-bic72rx3kwi5am6u-qq65syz63kvrxkl5;access_token=akab-hy2fi6sv4apv2ht2-pgik3gwxxsfupvzr;timestamp=20260217T15:07:22+0000;nonce=a592c3e7-0925-43f2-9685-61859ce74f59;" 

[2026-02-17T16:07:22.178] [INFO] devops-prov.edgegrid.helpers - Signing key: g9PJ3qBZV7MX/7Iy07e5Ibm08uF0HnZSfagrQpAEuXM=

[2026-02-17T16:07:22.178] [INFO] devops-prov.edgegrid.auth - Signed authorization header: EG1-HMAC-SHA256 client_token=akab-bic72rx3kwi5am6u-qq65syz63kvrxkl5;access_token=akab-hy2fi6sv4apv2ht2-pgik3gwxxsfupvzr;timestamp=20260217T15:07:22+0000;nonce=a592c3e7-0925-43f2-9685-61859ce74f59;signature=rTcXjv1LRB5CkG93pU+yi/nB1DhSVxNiBfF32+SbgFk=

[2026-02-17T16:07:22.179] [INFO] devops-prov.edgegrid - request {
  debugId: 2,
  uri: 'https://akab-jdn2ct6ewvfefhhb-csofinvorrtwiu5w.luna.akamaiapis.net/papi/v1/properties/884804/versions/latest?accountSwitchKey=B-M-1YX7F48:1-8BYUX',
  method: 'GET',
  headers: {
    'X-User-Agent': 'Akamai-PD; Version=0.7.8-RELEASE;pm-cli;',
    'User-Agent': 'Akamai-PD; Version=0.7.8-RELEASE;pm-cli;',
    Authorization: 'EG1-HMAC-SHA256 client_token=akab-bic72rx3kwi5am6u-qq65syz63kvrxkl5;access_token=akab-hy2fi6sv4apv2ht2-pgik3gwxxsfupvzr;timestamp=20260217T15:07:22+0000;nonce=a592c3e7-0925-43f2-9685-61859ce74f59;signature=rTcXjv1LRB5CkG93pU+yi/nB1DhSVxNiBfF32+SbgFk=',
    host: 'akab-jdn2ct6ewvfefhhb-csofinvorrtwiu5w.luna.akamaiapis.net'
  }
}
[2026-02-17T16:07:22.681] [INFO] devops-prov.edgegrid - response {
  debugId: 2,
  headers: {
    'content-type': 'application/json',
    'x-trace-id': 'd75472ef8f62c72d',
    'x-ids-session-id': 'a73d124b-049e-4328-8a6d-bddd0a6ea34e, a73d124b-049e-4328-8a6d-bddd0a6ea34e',
    'x-ratelimit-limit': '2500',
    'x-ratelimit-remaining': '2498',
    location: 'https://akab-jdn2ct6ewvfefhhb-csofinvorrtwiu5w.luna.akamaiapis.net/papi/v1/properties/prp_884804/versions/242?accountSwitchKey=B-M-1YX7F48%3A1-8BYUX',
    vary: 'accept-encoding',
    'papi-cache-status': 'CACHE_MISS',
    'strict-transport-security': 'max-age=31536000; includeSubDomains',
    'content-length': '106',
    date: 'Tue, 17 Feb 2026 15:07:22 GMT',
    connection: 'keep-alive'
  },
  statusCode: 302,
  body: '{\n' +
    '  "versionLink" : "/papi/v1/properties/prp_884804/versions/242?accountSwitchKey=B-M-1YX7F48%3A1-8BYUX"\n' +
    '}'
}
[2026-02-17T16:07:22.683] [INFO] devops-prov.edgegrid.auth - Unsigned authorization header: EG1-HMAC-SHA256 client_token=akab-bic72rx3kwi5am6u-qq65syz63kvrxkl5;access_token=akab-hy2fi6sv4apv2ht2-pgik3gwxxsfupvzr;timestamp=20260217T15:07:22+0000;nonce=2ff3733e-963a-4d34-9fd0-f5c1ed5ea540;

[2026-02-17T16:07:22.683] [INFO] devops-prov.edgegrid.helpers - Body is ""
[2026-02-17T16:07:22.683] [DEBUG] devops-prov.edgegrid.helpers - PREPARED BODY LENGTH 0
[2026-02-17T16:07:22.683] [INFO] devops-prov.edgegrid.helpers - Data to sign: "GET	https	akab-jdn2ct6ewvfefhhb-csofinvorrtwiu5w.luna.akamaiapis.net	/papi/v1/properties/prp_884804/versions/242?accountSwitchKey=B-M-1YX7F48%3A1-8BYUX			EG1-HMAC-SHA256 client_token=akab-bic72rx3kwi5am6u-qq65syz63kvrxkl5;access_token=akab-hy2fi6sv4apv2ht2-pgik3gwxxsfupvzr;timestamp=20260217T15:07:22+0000;nonce=2ff3733e-963a-4d34-9fd0-f5c1ed5ea540;" 

[2026-02-17T16:07:22.684] [INFO] devops-prov.edgegrid.helpers - Signing key: g9PJ3qBZV7MX/7Iy07e5Ibm08uF0HnZSfagrQpAEuXM=

[2026-02-17T16:07:22.684] [INFO] devops-prov.edgegrid.auth - Signed authorization header: EG1-HMAC-SHA256 client_token=akab-bic72rx3kwi5am6u-qq65syz63kvrxkl5;access_token=akab-hy2fi6sv4apv2ht2-pgik3gwxxsfupvzr;timestamp=20260217T15:07:22+0000;nonce=2ff3733e-963a-4d34-9fd0-f5c1ed5ea540;signature=rwvpQpx828zjvlUSs/Td9Mz0KWkmNeddvShGXLCsnxQ=

[2026-02-17T16:07:22.685] [INFO] devops-prov.edgegrid - request {
  debugId: 3,
  uri: 'https://akab-jdn2ct6ewvfefhhb-csofinvorrtwiu5w.luna.akamaiapis.net/papi/v1/properties/prp_884804/versions/242?accountSwitchKey=B-M-1YX7F48%3A1-8BYUX',
  method: 'GET',
  headers: {
    'X-User-Agent': 'Akamai-PD; Version=0.7.8-RELEASE;pm-cli;',
    'User-Agent': 'Akamai-PD; Version=0.7.8-RELEASE;pm-cli;',
    Authorization: 'EG1-HMAC-SHA256 client_token=akab-bic72rx3kwi5am6u-qq65syz63kvrxkl5;access_token=akab-hy2fi6sv4apv2ht2-pgik3gwxxsfupvzr;timestamp=20260217T15:07:22+0000;nonce=2ff3733e-963a-4d34-9fd0-f5c1ed5ea540;signature=rwvpQpx828zjvlUSs/Td9Mz0KWkmNeddvShGXLCsnxQ=',
    host: 'akab-jdn2ct6ewvfefhhb-csofinvorrtwiu5w.luna.akamaiapis.net'
  }
}
[2026-02-17T16:07:23.023] [INFO] devops-prov.edgegrid - response {
  debugId: 3,
  headers: {
    'content-type': 'application/json',
    'x-trace-id': '3fdbbd40d7e96764',
    'x-ids-session-id': 'a73d124b-049e-4328-8a6d-bddd0a6ea34e, a73d124b-049e-4328-8a6d-bddd0a6ea34e',
    'x-ratelimit-limit': '2500',
    'x-ratelimit-remaining': '2497',
    location: 'https://akab-jdn2ct6ewvfefhhb-csofinvorrtwiu5w.luna.akamaiapis.net/papi/v1/properties/884804/versions/242?groupId=93068&contractId=M-1YX7F61&accountSwitchKey=B-M-1YX7F48%3A1-8BYUX',
    vary: 'accept-encoding',
    'papi-cache-status': 'CACHE_MISS',
    'strict-transport-security': 'max-age=31536000; includeSubDomains',
    'content-length': '138',
    date: 'Tue, 17 Feb 2026 15:07:22 GMT',
    connection: 'keep-alive'
  },
  statusCode: 302,
  body: '{\n' +
    '  "redirectLink" : "/papi/v1/properties/884804/versions/242?groupId=93068&contractId=M-1YX7F61&accountSwitchKey=B-M-1YX7F48%3A1-8BYUX"\n' +
    '}'
}
[2026-02-17T16:07:23.024] [INFO] devops-prov.edgegrid.auth - Unsigned authorization header: EG1-HMAC-SHA256 client_token=akab-bic72rx3kwi5am6u-qq65syz63kvrxkl5;access_token=akab-hy2fi6sv4apv2ht2-pgik3gwxxsfupvzr;timestamp=20260217T15:07:23+0000;nonce=43635626-5c03-4b8a-894c-912eb8fc1f57;

[2026-02-17T16:07:23.024] [INFO] devops-prov.edgegrid.helpers - Body is ""
[2026-02-17T16:07:23.024] [DEBUG] devops-prov.edgegrid.helpers - PREPARED BODY LENGTH 0
[2026-02-17T16:07:23.024] [INFO] devops-prov.edgegrid.helpers - Data to sign: "GET	https	akab-jdn2ct6ewvfefhhb-csofinvorrtwiu5w.luna.akamaiapis.net	/papi/v1/properties/884804/versions/242?groupId=93068&contractId=M-1YX7F61&accountSwitchKey=B-M-1YX7F48%3A1-8BYUX			EG1-HMAC-SHA256 client_token=akab-bic72rx3kwi5am6u-qq65syz63kvrxkl5;access_token=akab-hy2fi6sv4apv2ht2-pgik3gwxxsfupvzr;timestamp=20260217T15:07:23+0000;nonce=43635626-5c03-4b8a-894c-912eb8fc1f57;" 

[2026-02-17T16:07:23.025] [INFO] devops-prov.edgegrid.helpers - Signing key: Xv5fWTXOMVFbSpScfO2ycaTER1hAzeeYE4GmBTGFJt4=

[2026-02-17T16:07:23.025] [INFO] devops-prov.edgegrid.auth - Signed authorization header: EG1-HMAC-SHA256 client_token=akab-bic72rx3kwi5am6u-qq65syz63kvrxkl5;access_token=akab-hy2fi6sv4apv2ht2-pgik3gwxxsfupvzr;timestamp=20260217T15:07:23+0000;nonce=43635626-5c03-4b8a-894c-912eb8fc1f57;signature=VsEYn65tVWdsHY0NqP/C68H293MEY/7aY/6gLmioCLI=

[2026-02-17T16:07:23.027] [INFO] devops-prov.edgegrid - request {
  debugId: 4,
  uri: 'https://akab-jdn2ct6ewvfefhhb-csofinvorrtwiu5w.luna.akamaiapis.net/papi/v1/properties/884804/versions/242?groupId=93068&contractId=M-1YX7F61&accountSwitchKey=B-M-1YX7F48%3A1-8BYUX',
  method: 'GET',
  headers: {
    'X-User-Agent': 'Akamai-PD; Version=0.7.8-RELEASE;pm-cli;',
    'User-Agent': 'Akamai-PD; Version=0.7.8-RELEASE;pm-cli;',
    Authorization: 'EG1-HMAC-SHA256 client_token=akab-bic72rx3kwi5am6u-qq65syz63kvrxkl5;access_token=akab-hy2fi6sv4apv2ht2-pgik3gwxxsfupvzr;timestamp=20260217T15:07:23+0000;nonce=43635626-5c03-4b8a-894c-912eb8fc1f57;signature=VsEYn65tVWdsHY0NqP/C68H293MEY/7aY/6gLmioCLI=',
    host: 'akab-jdn2ct6ewvfefhhb-csofinvorrtwiu5w.luna.akamaiapis.net'
  }
}
[2026-02-17T16:07:23.743] [INFO] devops-prov.edgegrid - response {
  debugId: 4,
  headers: {
    'content-type': 'application/json',
    'x-trace-id': '6e7af2c25a725396',
    'x-ids-session-id': 'c347c2a4-c3bc-4782-9cf9-9043d5bf0709, c347c2a4-c3bc-4782-9cf9-9043d5bf0709',
    'x-ratelimit-limit': '2500',
    'x-ratelimit-remaining': '2496',
    vary: 'accept,accept-encoding',
    'cache-control': 'no-store',
    'papi-cache-status': 'CACHE_MISS',
    'strict-transport-security': 'max-age=31536000; includeSubDomains',
    'content-length': '557',
    date: 'Tue, 17 Feb 2026 15:07:23 GMT',
    connection: 'keep-alive'
  },
  statusCode: 200,
  body: '{\n' +
    '  "propertyId" : "prp_884804",\n' +
    '  "propertyName" : "ew.grinwis.com",\n' +
    '  "accountId" : "act_B-M-1YX7F48",\n' +
    '  "contractId" : "ctr_M-1YX7F61",\n' +
    '  "groupId" : "grp_93068",\n' +
    '  "assetId" : "aid_11120979",\n' +
    '  "versions" : {\n' +
    '    "items" : [ {\n' +
    '      "propertyVersion" : 242,\n' +
    '      "updatedByUser" : "jgrinwis",\n' +
    '      "updatedDate" : "2026-02-17T14:48:19Z",\n' +
    '      "productionStatus" : "INACTIVE",\n' +
    '      "stagingStatus" : "ACTIVE",\n' +
    '      "etag" : "5344a089b939ba6f4c9df998e971283ef2696f8d",\n' +
    '      "productId" : "prd_Site_Accel",\n' +
    '      "ruleFormat" : "latest"\n' +
    '    } ]\n' +
    '  }\n' +
    '}'
}
[2026-02-17T16:07:23.743] [INFO] devops-prov.openclient - Status code:  200
[2026-02-17T16:07:23.743] [INFO] devops-prov.openclient - Body:  {
  "propertyId" : "prp_884804",
  "propertyName" : "ew.grinwis.com",
  "accountId" : "act_B-M-1YX7F48",
  "contractId" : "ctr_M-1YX7F61",
  "groupId" : "grp_93068",
  "assetId" : "aid_11120979",
  "versions" : {
    "items" : [ {
      "propertyVersion" : 242,
      "updatedByUser" : "jgrinwis",
      "updatedDate" : "2026-02-17T14:48:19Z",
      "productionStatus" : "INACTIVE",
      "stagingStatus" : "ACTIVE",
      "etag" : "5344a089b939ba6f4c9df998e971283ef2696f8d",
      "productId" : "prd_Site_Accel",
      "ruleFormat" : "latest"
    } ]
  }
}
[2026-02-17T16:07:23.744] [INFO] devops-prov.openclient - Requesting: POST /papi/v1/properties/prp_884804/activations
[2026-02-17T16:07:23.744] [INFO] devops-prov.edgegrid.auth - Unsigned authorization header: EG1-HMAC-SHA256 client_token=akab-bic72rx3kwi5am6u-qq65syz63kvrxkl5;access_token=akab-hy2fi6sv4apv2ht2-pgik3gwxxsfupvzr;timestamp=20260217T15:07:23+0000;nonce=ed7c83ce-f189-4082-8b9d-467ef4a47044;

[2026-02-17T16:07:23.745] [INFO] devops-prov.edgegrid.helpers - Body is "{"propertyVersion":242,"network":"STAGING","note":"Property Manager CLI Activation","notifyEmails":["noreply@akamai.com"],"acknowledgeAllWarnings":true,"activationType":"ACTIVATE","complianceRecord":{"noncomplianceReason":"NO_PRODUCTION_TRAFFIC"}}"
[2026-02-17T16:07:23.745] [DEBUG] devops-prov.edgegrid.helpers - PREPARED BODY LENGTH 247
[2026-02-17T16:07:23.745] [INFO] devops-prov.edgegrid.helpers - Signing content: "{"propertyVersion":242,"network":"STAGING","note":"Property Manager CLI Activation","notifyEmails":["noreply@akamai.com"],"acknowledgeAllWarnings":true,"activationType":"ACTIVATE","complianceRecord":{"noncomplianceReason":"NO_PRODUCTION_TRAFFIC"}}"
[2026-02-17T16:07:23.745] [DEBUG] devops-prov.edgegrid.helpers - PREPARED BODY {"propertyVersion":242,"network":"STAGING","note":"Property Manager CLI Activation","notifyEmails":["noreply@akamai.com"],"acknowledgeAllWarnings":true,"activationType":"ACTIVATE","complianceRecord":{"noncomplianceReason":"NO_PRODUCTION_TRAFFIC"}}
[2026-02-17T16:07:23.745] [INFO] devops-prov.edgegrid.helpers - Content hash is "4OW7+kRO6+1BT9zIAhzUcj6WwxStStzb29IMtt6SB3k="
[2026-02-17T16:07:23.745] [INFO] devops-prov.edgegrid.helpers - Data to sign: "POST	https	akab-jdn2ct6ewvfefhhb-csofinvorrtwiu5w.luna.akamaiapis.net	/papi/v1/properties/prp_884804/activations?accountSwitchKey=B-M-1YX7F48:1-8BYUX		4OW7+kRO6+1BT9zIAhzUcj6WwxStStzb29IMtt6SB3k=	EG1-HMAC-SHA256 client_token=akab-bic72rx3kwi5am6u-qq65syz63kvrxkl5;access_token=akab-hy2fi6sv4apv2ht2-pgik3gwxxsfupvzr;timestamp=20260217T15:07:23+0000;nonce=ed7c83ce-f189-4082-8b9d-467ef4a47044;" 

[2026-02-17T16:07:23.745] [INFO] devops-prov.edgegrid.helpers - Signing key: Xv5fWTXOMVFbSpScfO2ycaTER1hAzeeYE4GmBTGFJt4=

[2026-02-17T16:07:23.745] [INFO] devops-prov.edgegrid.auth - Signed authorization header: EG1-HMAC-SHA256 client_token=akab-bic72rx3kwi5am6u-qq65syz63kvrxkl5;access_token=akab-hy2fi6sv4apv2ht2-pgik3gwxxsfupvzr;timestamp=20260217T15:07:23+0000;nonce=ed7c83ce-f189-4082-8b9d-467ef4a47044;signature=OqRJIhLkHbMWUshrP+V2fwIHfb7sdHG/E2OLCvdbNM0=

[2026-02-17T16:07:23.746] [INFO] devops-prov.edgegrid - request {
  debugId: 5,
  uri: 'https://akab-jdn2ct6ewvfefhhb-csofinvorrtwiu5w.luna.akamaiapis.net/papi/v1/properties/prp_884804/activations?accountSwitchKey=B-M-1YX7F48:1-8BYUX',
  method: 'POST',
  headers: {
    'X-User-Agent': 'Akamai-PD; Version=0.7.8-RELEASE;pm-cli;',
    'User-Agent': 'Akamai-PD; Version=0.7.8-RELEASE;pm-cli;',
    'Content-Type': 'application/json',
    Authorization: 'EG1-HMAC-SHA256 client_token=akab-bic72rx3kwi5am6u-qq65syz63kvrxkl5;access_token=akab-hy2fi6sv4apv2ht2-pgik3gwxxsfupvzr;timestamp=20260217T15:07:23+0000;nonce=ed7c83ce-f189-4082-8b9d-467ef4a47044;signature=OqRJIhLkHbMWUshrP+V2fwIHfb7sdHG/E2OLCvdbNM0=',
    host: 'akab-jdn2ct6ewvfefhhb-csofinvorrtwiu5w.luna.akamaiapis.net',
    'content-length': 247
  },
  body: '{"propertyVersion":242,"network":"STAGING","note":"Property Manager CLI Activation","notifyEmails":["noreply@akamai.com"],"acknowledgeAllWarnings":true,"activationType":"ACTIVATE","complianceRecord":{"noncomplianceReason":"NO_PRODUCTION_TRAFFIC"}}'
}
[2026-02-17T16:07:29.475] [INFO] devops-prov.edgegrid - response {
  debugId: 5,
  headers: {
    'content-type': 'application/problem+json',
    'x-trace-id': '31692da64bb7bffd',
    'x-ids-session-id': 'a73d124b-049e-4328-8a6d-bddd0a6ea34e, a73d124b-049e-4328-8a6d-bddd0a6ea34e',
    'x-ratelimit-limit': '2500',
    'x-ratelimit-remaining': '2495',
    'content-language': 'en',
    vary: 'Accept,Accept-Language, Accept-Encoding',
    'papi-cache-status': 'CACHE_MISS',
    'strict-transport-security': 'max-age=31536000; includeSubDomains',
    'content-length': '480',
    date: 'Tue, 17 Feb 2026 15:07:29 GMT',
    connection: 'close'
  },
  statusCode: 422,
  body: '{\n' +
    '  "type" : "https://problems.luna.akamaiapis.net/papi/v0/activation/already-activated",\n' +
    '  "title" : "Property version already activated",\n' +
    '  "detail" : "Version 242 of property `prp_884804` has already been activated.",\n' +
    '  "instance" : "https://akab-jdn2ct6ewvfefhhb-csofinvorrtwiu5w.luna.akamaiapis.net/papi/v1/properties/prp_884804/activations?accountSwitchKey=B-M-1YX7F48%3A1-8BYUX#31692da64bb7bffd",\n' +
    '  "status" : 422,\n' +
    '  "propertyId" : "prp_884804",\n' +
    '  "propertyVersion" : 242\n' +
    '}'
}
[2026-02-17T16:07:29.476] [ERROR] devops-prov.openclient - request failure, status code: '422', response body:  {
  "type" : "https://problems.luna.akamaiapis.net/papi/v0/activation/already-activated",
  "title" : "Property version already activated",
  "detail" : "Version 242 of property `prp_884804` has already been activated.",
  "instance" : "https://akab-jdn2ct6ewvfefhhb-csofinvorrtwiu5w.luna.akamaiapis.net/papi/v1/properties/prp_884804/activations?accountSwitchKey=B-M-1YX7F48%3A1-8BYUX#31692da64bb7bffd",
  "status" : 422,
  "propertyId" : "prp_884804",
  "propertyVersion" : 242
}
[2026-02-17T16:10:34.218] [INFO] devops-prov.factory - Switching account key to: 'B-M-1YX7F48:1-8BYUX'
[2026-02-17T16:10:34.219] [INFO] devops-prov.factory - Switching account key to: 'B-M-1YX7F48:1-8BYUX'
[2026-02-17T16:10:34.219] [INFO] devops-prov.factory - Using credentials file: '/Users/jgrinwis/.edgerc', section: 'gss'
[2026-02-17T16:10:34.219] [INFO] devops-prov - Settings file:  {
  devopsHome: '/Users/jgrinwis/Projects/netlify',
  outputFormat: 'table',
  accountSwitchKey: 'B-M-1YX7F48:1-8BYUX',
  edgeGridConfig: { path: '/Users/jgrinwis/.edgerc', section: 'gss' }
}
[2026-02-17T16:10:34.219] [INFO] devops-prov - emails for activation:  Set(1) { 'noreply@akamai.com' }
[2026-02-17T16:10:34.219] [INFO] devops-prov.factory - need to create papi
[2026-02-17T16:10:34.221] [INFO] devops-prov.openclient - Requesting: POST /papi/v1/search/find-by-value
[2026-02-17T16:10:34.223] [INFO] devops-prov.edgegrid.auth - Unsigned authorization header: EG1-HMAC-SHA256 client_token=akab-bic72rx3kwi5am6u-qq65syz63kvrxkl5;access_token=akab-hy2fi6sv4apv2ht2-pgik3gwxxsfupvzr;timestamp=20260217T15:10:34+0000;nonce=2b0c8ff2-968c-4efb-8a93-0f5d5e2b5534;

[2026-02-17T16:10:34.223] [INFO] devops-prov.edgegrid.helpers - Body is "{"propertyName":"ew.grinwis.com"}"
[2026-02-17T16:10:34.223] [DEBUG] devops-prov.edgegrid.helpers - PREPARED BODY LENGTH 33
[2026-02-17T16:10:34.223] [INFO] devops-prov.edgegrid.helpers - Signing content: "{"propertyName":"ew.grinwis.com"}"
[2026-02-17T16:10:34.223] [DEBUG] devops-prov.edgegrid.helpers - PREPARED BODY {"propertyName":"ew.grinwis.com"}
[2026-02-17T16:10:34.224] [INFO] devops-prov.edgegrid.helpers - Content hash is "g+raTcFwK/dEt4fLwXuXr5XyaXIAB9AdjzlGbmorcnA="
[2026-02-17T16:10:34.224] [INFO] devops-prov.edgegrid.helpers - Data to sign: "POST	https	akab-jdn2ct6ewvfefhhb-csofinvorrtwiu5w.luna.akamaiapis.net	/papi/v1/search/find-by-value?accountSwitchKey=B-M-1YX7F48:1-8BYUX		g+raTcFwK/dEt4fLwXuXr5XyaXIAB9AdjzlGbmorcnA=	EG1-HMAC-SHA256 client_token=akab-bic72rx3kwi5am6u-qq65syz63kvrxkl5;access_token=akab-hy2fi6sv4apv2ht2-pgik3gwxxsfupvzr;timestamp=20260217T15:10:34+0000;nonce=2b0c8ff2-968c-4efb-8a93-0f5d5e2b5534;" 

[2026-02-17T16:10:34.224] [INFO] devops-prov.edgegrid.helpers - Signing key: FPp7OugD0uQPVjMVD/LDpp8+kdA/BmXcaxpBQ6KEGAE=

[2026-02-17T16:10:34.224] [INFO] devops-prov.edgegrid.auth - Signed authorization header: EG1-HMAC-SHA256 client_token=akab-bic72rx3kwi5am6u-qq65syz63kvrxkl5;access_token=akab-hy2fi6sv4apv2ht2-pgik3gwxxsfupvzr;timestamp=20260217T15:10:34+0000;nonce=2b0c8ff2-968c-4efb-8a93-0f5d5e2b5534;signature=SgiAt7GwYcfx9sCRd9BN55fz/xD1a+q622HK9WLGHn8=

[2026-02-17T16:10:34.246] [INFO] devops-prov.edgegrid - request {
  debugId: 1,
  uri: 'https://akab-jdn2ct6ewvfefhhb-csofinvorrtwiu5w.luna.akamaiapis.net/papi/v1/search/find-by-value?accountSwitchKey=B-M-1YX7F48:1-8BYUX',
  method: 'POST',
  headers: {
    'X-User-Agent': 'Akamai-PD; Version=0.7.8-RELEASE;pm-cli;',
    'User-Agent': 'Akamai-PD; Version=0.7.8-RELEASE;pm-cli;',
    'Content-Type': 'application/json',
    Authorization: 'EG1-HMAC-SHA256 client_token=akab-bic72rx3kwi5am6u-qq65syz63kvrxkl5;access_token=akab-hy2fi6sv4apv2ht2-pgik3gwxxsfupvzr;timestamp=20260217T15:10:34+0000;nonce=2b0c8ff2-968c-4efb-8a93-0f5d5e2b5534;signature=SgiAt7GwYcfx9sCRd9BN55fz/xD1a+q622HK9WLGHn8=',
    host: 'akab-jdn2ct6ewvfefhhb-csofinvorrtwiu5w.luna.akamaiapis.net',
    'content-length': 33
  },
  body: '{"propertyName":"ew.grinwis.com"}'
}
[2026-02-17T16:10:35.044] [INFO] devops-prov.edgegrid - response {
  debugId: 1,
  headers: {
    'content-type': 'application/json',
    'x-trace-id': '5de1bad87774333d',
    'x-ids-session-id': '78aa842d-e0ce-41ff-a429-489b8f64c653, 78aa842d-e0ce-41ff-a429-489b8f64c653',
    'x-ratelimit-limit': '2500',
    'x-ratelimit-remaining': '2499',
    vary: 'accept-encoding',
    'papi-cache-status': 'CACHE_MISS',
    'strict-transport-security': 'max-age=31536000; includeSubDomains',
    'content-length': '1282',
    date: 'Tue, 17 Feb 2026 15:10:35 GMT',
    connection: 'keep-alive'
  },
  statusCode: 200,
  body: '{\n' +
    '  "versions" : {\n' +
    '    "items" : [ {\n' +
    '      "accountId" : "act_B-M-1YX7F48",\n' +
    '      "contractId" : "ctr_M-1YX7F61",\n' +
    '      "assetId" : "aid_11120979",\n' +
    '      "groupId" : "grp_93068",\n' +
    '      "propertyId" : "prp_884804",\n' +
    '      "propertyName" : "ew.grinwis.com",\n' +
    '      "propertyVersion" : 242,\n' +
    '      "updatedByUser" : "jgrinwis",\n' +
    '      "updatedDate" : "2026-02-17T14:48:19Z",\n' +
    '      "productionStatus" : "INACTIVE",\n' +
    '      "stagingStatus" : "ACTIVE"\n' +
    '    }, {\n' +
    '      "accountId" : "act_B-M-1YX7F48",\n' +
    '      "contractId" : "ctr_M-1YX7F61",\n' +
    '      "assetId" : "aid_11120979",\n' +
    '      "groupId" : "grp_93068",\n' +
    '      "propertyId" : "prp_884804",\n' +
    '      "propertyName" : "ew.grinwis.com",\n' +
    '      "propertyVersion" : 220,\n' +
    '      "updatedByUser" : "jgrinwis",\n' +
    '      "updatedDate" : "2025-10-09T13:01:21Z",\n' +
    '      "productionStatus" : "ACTIVE",\n' +
    '      "stagingStatus" : "DEACTIVATED"\n' +
    '    }, {\n' +
    '      "accountId" : "act_B-M-1YX7F48",\n' +
    '      "contractId" : "ctr_M-1YX7F61",\n' +
    '      "assetId" : "aid_11120979",\n' +
    '      "groupId" : "grp_93068",\n' +
    '      "propertyId" : "prp_884804",\n' +
    '      "propertyName" : "ew.grinwis.com",\n' +
    '      "propertyVersion" : 243,\n' +
    '      "updatedByUser" : "jgrinwis",\n' +
    '      "updatedDate" : "2026-02-17T15:10:25Z",\n' +
    '      "productionStatus" : "INACTIVE",\n' +
    '      "stagingStatus" : "INACTIVE"\n' +
    '    } ]\n' +
    '  }\n' +
    '}'
}
[2026-02-17T16:10:35.045] [INFO] devops-prov.openclient - Status code:  200
[2026-02-17T16:10:35.045] [INFO] devops-prov.openclient - Body:  {
  "versions" : {
    "items" : [ {
      "accountId" : "act_B-M-1YX7F48",
      "contractId" : "ctr_M-1YX7F61",
      "assetId" : "aid_11120979",
      "groupId" : "grp_93068",
      "propertyId" : "prp_884804",
      "propertyName" : "ew.grinwis.com",
      "propertyVersion" : 242,
      "updatedByUser" : "jgrinwis",
      "updatedDate" : "2026-02-17T14:48:19Z",
      "productionStatus" : "INACTIVE",
      "stagingStatus" : "ACTIVE"
    }, {
      "accountId" : "act_B-M-1YX7F48",
      "contractId" : "ctr_M-1YX7F61",
      "assetId" : "aid_11120979",
      "groupId" : "grp_93068",
      "propertyId" : "prp_884804",
      "propertyName" : "ew.grinwis.com",
      "propertyVersion" : 220,
      "updatedByUser" : "jgrinwis",
      "updatedDate" : "2025-10-09T13:01:21Z",
      "productionStatus" : "ACTIVE",
      "stagingStatus" : "DEACTIVATED"
    }, {
      "accountId" : "act_B-M-1YX7F48",
      "contractId" : "ctr_M-1YX7F61",
      "assetId" : "aid_11120979",
      "groupId" : "grp_93068",
      "propertyId" : "prp_884804",
      "propertyName" : "ew.grinwis.com",
      "propertyVersion" : 243,
      "updatedByUser" : "jgrinwis",
      "updatedDate" : "2026-02-17T15:10:25Z",
      "productionStatus" : "INACTIVE",
      "stagingStatus" : "INACTIVE"
    } ]
  }
}
[2026-02-17T16:10:35.047] [INFO] devops-prov.openclient - Requesting: GET /papi/v1/properties/884804/versions/latest
[2026-02-17T16:10:35.047] [INFO] devops-prov.edgegrid.auth - Unsigned authorization header: EG1-HMAC-SHA256 client_token=akab-bic72rx3kwi5am6u-qq65syz63kvrxkl5;access_token=akab-hy2fi6sv4apv2ht2-pgik3gwxxsfupvzr;timestamp=20260217T15:10:35+0000;nonce=ee446c24-c0f2-4526-a798-4389a342b77f;

[2026-02-17T16:10:35.047] [INFO] devops-prov.edgegrid.helpers - Body is ""
[2026-02-17T16:10:35.047] [DEBUG] devops-prov.edgegrid.helpers - PREPARED BODY LENGTH 0
[2026-02-17T16:10:35.047] [INFO] devops-prov.edgegrid.helpers - Data to sign: "GET	https	akab-jdn2ct6ewvfefhhb-csofinvorrtwiu5w.luna.akamaiapis.net	/papi/v1/properties/884804/versions/latest?accountSwitchKey=B-M-1YX7F48:1-8BYUX			EG1-HMAC-SHA256 client_token=akab-bic72rx3kwi5am6u-qq65syz63kvrxkl5;access_token=akab-hy2fi6sv4apv2ht2-pgik3gwxxsfupvzr;timestamp=20260217T15:10:35+0000;nonce=ee446c24-c0f2-4526-a798-4389a342b77f;" 

[2026-02-17T16:10:35.047] [INFO] devops-prov.edgegrid.helpers - Signing key: HElmmsRtIKi7/uNCDtuUcNO0yaj7v9+Q6NjWfLjcGsE=

[2026-02-17T16:10:35.048] [INFO] devops-prov.edgegrid.auth - Signed authorization header: EG1-HMAC-SHA256 client_token=akab-bic72rx3kwi5am6u-qq65syz63kvrxkl5;access_token=akab-hy2fi6sv4apv2ht2-pgik3gwxxsfupvzr;timestamp=20260217T15:10:35+0000;nonce=ee446c24-c0f2-4526-a798-4389a342b77f;signature=uf0YeH5D6C+uNZWw4jvBENXjtzHhhuneCIDP3TPUIPE=

[2026-02-17T16:10:35.048] [INFO] devops-prov.edgegrid - request {
  debugId: 2,
  uri: 'https://akab-jdn2ct6ewvfefhhb-csofinvorrtwiu5w.luna.akamaiapis.net/papi/v1/properties/884804/versions/latest?accountSwitchKey=B-M-1YX7F48:1-8BYUX',
  method: 'GET',
  headers: {
    'X-User-Agent': 'Akamai-PD; Version=0.7.8-RELEASE;pm-cli;',
    'User-Agent': 'Akamai-PD; Version=0.7.8-RELEASE;pm-cli;',
    Authorization: 'EG1-HMAC-SHA256 client_token=akab-bic72rx3kwi5am6u-qq65syz63kvrxkl5;access_token=akab-hy2fi6sv4apv2ht2-pgik3gwxxsfupvzr;timestamp=20260217T15:10:35+0000;nonce=ee446c24-c0f2-4526-a798-4389a342b77f;signature=uf0YeH5D6C+uNZWw4jvBENXjtzHhhuneCIDP3TPUIPE=',
    host: 'akab-jdn2ct6ewvfefhhb-csofinvorrtwiu5w.luna.akamaiapis.net'
  }
}
[2026-02-17T16:10:35.621] [INFO] devops-prov.edgegrid - response {
  debugId: 2,
  headers: {
    'content-type': 'application/json',
    'x-trace-id': 'f80ae229191e26e0',
    'x-ids-session-id': '37d0fa8d-006d-49b8-bab4-83867335cd56, 37d0fa8d-006d-49b8-bab4-83867335cd56',
    'x-ratelimit-limit': '2500',
    'x-ratelimit-remaining': '2498',
    location: 'https://akab-jdn2ct6ewvfefhhb-csofinvorrtwiu5w.luna.akamaiapis.net/papi/v1/properties/prp_884804/versions/243?accountSwitchKey=B-M-1YX7F48%3A1-8BYUX',
    vary: 'accept-encoding',
    'papi-cache-status': 'CACHE_MISS',
    'strict-transport-security': 'max-age=31536000; includeSubDomains',
    'content-length': '106',
    date: 'Tue, 17 Feb 2026 15:10:35 GMT',
    connection: 'keep-alive'
  },
  statusCode: 302,
  body: '{\n' +
    '  "versionLink" : "/papi/v1/properties/prp_884804/versions/243?accountSwitchKey=B-M-1YX7F48%3A1-8BYUX"\n' +
    '}'
}
[2026-02-17T16:10:35.623] [INFO] devops-prov.edgegrid.auth - Unsigned authorization header: EG1-HMAC-SHA256 client_token=akab-bic72rx3kwi5am6u-qq65syz63kvrxkl5;access_token=akab-hy2fi6sv4apv2ht2-pgik3gwxxsfupvzr;timestamp=20260217T15:10:35+0000;nonce=dfeef5e9-5541-4ed1-a6a6-b7c7dd2b919b;

[2026-02-17T16:10:35.623] [INFO] devops-prov.edgegrid.helpers - Body is ""
[2026-02-17T16:10:35.623] [DEBUG] devops-prov.edgegrid.helpers - PREPARED BODY LENGTH 0
[2026-02-17T16:10:35.623] [INFO] devops-prov.edgegrid.helpers - Data to sign: "GET	https	akab-jdn2ct6ewvfefhhb-csofinvorrtwiu5w.luna.akamaiapis.net	/papi/v1/properties/prp_884804/versions/243?accountSwitchKey=B-M-1YX7F48%3A1-8BYUX			EG1-HMAC-SHA256 client_token=akab-bic72rx3kwi5am6u-qq65syz63kvrxkl5;access_token=akab-hy2fi6sv4apv2ht2-pgik3gwxxsfupvzr;timestamp=20260217T15:10:35+0000;nonce=dfeef5e9-5541-4ed1-a6a6-b7c7dd2b919b;" 

[2026-02-17T16:10:35.623] [INFO] devops-prov.edgegrid.helpers - Signing key: HElmmsRtIKi7/uNCDtuUcNO0yaj7v9+Q6NjWfLjcGsE=

[2026-02-17T16:10:35.623] [INFO] devops-prov.edgegrid.auth - Signed authorization header: EG1-HMAC-SHA256 client_token=akab-bic72rx3kwi5am6u-qq65syz63kvrxkl5;access_token=akab-hy2fi6sv4apv2ht2-pgik3gwxxsfupvzr;timestamp=20260217T15:10:35+0000;nonce=dfeef5e9-5541-4ed1-a6a6-b7c7dd2b919b;signature=IkIzhz5Ad+6rdaD4SqVRa4BVBAKpB6juZbgB+JkZc+4=

[2026-02-17T16:10:35.624] [INFO] devops-prov.edgegrid - request {
  debugId: 3,
  uri: 'https://akab-jdn2ct6ewvfefhhb-csofinvorrtwiu5w.luna.akamaiapis.net/papi/v1/properties/prp_884804/versions/243?accountSwitchKey=B-M-1YX7F48%3A1-8BYUX',
  method: 'GET',
  headers: {
    'X-User-Agent': 'Akamai-PD; Version=0.7.8-RELEASE;pm-cli;',
    'User-Agent': 'Akamai-PD; Version=0.7.8-RELEASE;pm-cli;',
    Authorization: 'EG1-HMAC-SHA256 client_token=akab-bic72rx3kwi5am6u-qq65syz63kvrxkl5;access_token=akab-hy2fi6sv4apv2ht2-pgik3gwxxsfupvzr;timestamp=20260217T15:10:35+0000;nonce=dfeef5e9-5541-4ed1-a6a6-b7c7dd2b919b;signature=IkIzhz5Ad+6rdaD4SqVRa4BVBAKpB6juZbgB+JkZc+4=',
    host: 'akab-jdn2ct6ewvfefhhb-csofinvorrtwiu5w.luna.akamaiapis.net'
  }
}
[2026-02-17T16:10:35.835] [INFO] devops-prov.edgegrid - response {
  debugId: 3,
  headers: {
    'content-type': 'application/json',
    'x-trace-id': 'afb68c5a1cdfc53b',
    'x-ids-session-id': '9178c284-a3de-44ff-b694-3c729bd9bd01, 9178c284-a3de-44ff-b694-3c729bd9bd01',
    'x-ratelimit-limit': '2500',
    'x-ratelimit-remaining': '2497',
    location: 'https://akab-jdn2ct6ewvfefhhb-csofinvorrtwiu5w.luna.akamaiapis.net/papi/v1/properties/884804/versions/243?groupId=93068&contractId=M-1YX7F61&accountSwitchKey=B-M-1YX7F48%3A1-8BYUX',
    vary: 'accept-encoding',
    'papi-cache-status': 'CACHE_MISS',
    'strict-transport-security': 'max-age=31536000; includeSubDomains',
    'content-length': '138',
    date: 'Tue, 17 Feb 2026 15:10:35 GMT',
    connection: 'keep-alive'
  },
  statusCode: 302,
  body: '{\n' +
    '  "redirectLink" : "/papi/v1/properties/884804/versions/243?groupId=93068&contractId=M-1YX7F61&accountSwitchKey=B-M-1YX7F48%3A1-8BYUX"\n' +
    '}'
}
[2026-02-17T16:10:35.836] [INFO] devops-prov.edgegrid.auth - Unsigned authorization header: EG1-HMAC-SHA256 client_token=akab-bic72rx3kwi5am6u-qq65syz63kvrxkl5;access_token=akab-hy2fi6sv4apv2ht2-pgik3gwxxsfupvzr;timestamp=20260217T15:10:35+0000;nonce=37611472-8b73-43b6-bc4b-2fe12bd7dfcf;

[2026-02-17T16:10:35.836] [INFO] devops-prov.edgegrid.helpers - Body is ""
[2026-02-17T16:10:35.837] [DEBUG] devops-prov.edgegrid.helpers - PREPARED BODY LENGTH 0
[2026-02-17T16:10:35.837] [INFO] devops-prov.edgegrid.helpers - Data to sign: "GET	https	akab-jdn2ct6ewvfefhhb-csofinvorrtwiu5w.luna.akamaiapis.net	/papi/v1/properties/884804/versions/243?groupId=93068&contractId=M-1YX7F61&accountSwitchKey=B-M-1YX7F48%3A1-8BYUX			EG1-HMAC-SHA256 client_token=akab-bic72rx3kwi5am6u-qq65syz63kvrxkl5;access_token=akab-hy2fi6sv4apv2ht2-pgik3gwxxsfupvzr;timestamp=20260217T15:10:35+0000;nonce=37611472-8b73-43b6-bc4b-2fe12bd7dfcf;" 

[2026-02-17T16:10:35.837] [INFO] devops-prov.edgegrid.helpers - Signing key: HElmmsRtIKi7/uNCDtuUcNO0yaj7v9+Q6NjWfLjcGsE=

[2026-02-17T16:10:35.837] [INFO] devops-prov.edgegrid.auth - Signed authorization header: EG1-HMAC-SHA256 client_token=akab-bic72rx3kwi5am6u-qq65syz63kvrxkl5;access_token=akab-hy2fi6sv4apv2ht2-pgik3gwxxsfupvzr;timestamp=20260217T15:10:35+0000;nonce=37611472-8b73-43b6-bc4b-2fe12bd7dfcf;signature=/X3yv/7ziXEkFYZfNPgyW7Nxslf8Q/eQ512ZZvu2liA=

[2026-02-17T16:10:35.838] [INFO] devops-prov.edgegrid - request {
  debugId: 4,
  uri: 'https://akab-jdn2ct6ewvfefhhb-csofinvorrtwiu5w.luna.akamaiapis.net/papi/v1/properties/884804/versions/243?groupId=93068&contractId=M-1YX7F61&accountSwitchKey=B-M-1YX7F48%3A1-8BYUX',
  method: 'GET',
  headers: {
    'X-User-Agent': 'Akamai-PD; Version=0.7.8-RELEASE;pm-cli;',
    'User-Agent': 'Akamai-PD; Version=0.7.8-RELEASE;pm-cli;',
    Authorization: 'EG1-HMAC-SHA256 client_token=akab-bic72rx3kwi5am6u-qq65syz63kvrxkl5;access_token=akab-hy2fi6sv4apv2ht2-pgik3gwxxsfupvzr;timestamp=20260217T15:10:35+0000;nonce=37611472-8b73-43b6-bc4b-2fe12bd7dfcf;signature=/X3yv/7ziXEkFYZfNPgyW7Nxslf8Q/eQ512ZZvu2liA=',
    host: 'akab-jdn2ct6ewvfefhhb-csofinvorrtwiu5w.luna.akamaiapis.net'
  }
}
[2026-02-17T16:10:36.351] [INFO] devops-prov.edgegrid - response {
  debugId: 4,
  headers: {
    'content-type': 'application/json',
    'x-trace-id': '153762ed63e7cfe4',
    'x-ids-session-id': '78aa842d-e0ce-41ff-a429-489b8f64c653, 78aa842d-e0ce-41ff-a429-489b8f64c653',
    'x-ratelimit-limit': '2500',
    'x-ratelimit-remaining': '2496',
    vary: 'accept,accept-encoding',
    'cache-control': 'no-store',
    'papi-cache-status': 'CACHE_MISS',
    'strict-transport-security': 'max-age=31536000; includeSubDomains',
    'content-length': '559',
    date: 'Tue, 17 Feb 2026 15:10:36 GMT',
    connection: 'keep-alive'
  },
  statusCode: 200,
  body: '{\n' +
    '  "propertyId" : "prp_884804",\n' +
    '  "propertyName" : "ew.grinwis.com",\n' +
    '  "accountId" : "act_B-M-1YX7F48",\n' +
    '  "contractId" : "ctr_M-1YX7F61",\n' +
    '  "groupId" : "grp_93068",\n' +
    '  "assetId" : "aid_11120979",\n' +
    '  "versions" : {\n' +
    '    "items" : [ {\n' +
    '      "propertyVersion" : 243,\n' +
    '      "updatedByUser" : "jgrinwis",\n' +
    '      "updatedDate" : "2026-02-17T15:10:25Z",\n' +
    '      "productionStatus" : "INACTIVE",\n' +
    '      "stagingStatus" : "INACTIVE",\n' +
    '      "etag" : "f3e0594e09087e4cb2e89861f187c1833cf15bd8",\n' +
    '      "productId" : "prd_Site_Accel",\n' +
    '      "ruleFormat" : "latest"\n' +
    '    } ]\n' +
    '  }\n' +
    '}'
}
[2026-02-17T16:10:36.351] [INFO] devops-prov.openclient - Status code:  200
[2026-02-17T16:10:36.351] [INFO] devops-prov.openclient - Body:  {
  "propertyId" : "prp_884804",
  "propertyName" : "ew.grinwis.com",
  "accountId" : "act_B-M-1YX7F48",
  "contractId" : "ctr_M-1YX7F61",
  "groupId" : "grp_93068",
  "assetId" : "aid_11120979",
  "versions" : {
    "items" : [ {
      "propertyVersion" : 243,
      "updatedByUser" : "jgrinwis",
      "updatedDate" : "2026-02-17T15:10:25Z",
      "productionStatus" : "INACTIVE",
      "stagingStatus" : "INACTIVE",
      "etag" : "f3e0594e09087e4cb2e89861f187c1833cf15bd8",
      "productId" : "prd_Site_Accel",
      "ruleFormat" : "latest"
    } ]
  }
}
[2026-02-17T16:10:36.351] [INFO] devops-prov.openclient - Requesting: POST /papi/v1/properties/prp_884804/activations
[2026-02-17T16:10:36.352] [INFO] devops-prov.edgegrid.auth - Unsigned authorization header: EG1-HMAC-SHA256 client_token=akab-bic72rx3kwi5am6u-qq65syz63kvrxkl5;access_token=akab-hy2fi6sv4apv2ht2-pgik3gwxxsfupvzr;timestamp=20260217T15:10:36+0000;nonce=e3895536-409e-4d78-8658-a2f19ff96946;

[2026-02-17T16:10:36.352] [INFO] devops-prov.edgegrid.helpers - Body is "{"propertyVersion":243,"network":"STAGING","note":"Property Manager CLI Activation","notifyEmails":["noreply@akamai.com"],"acknowledgeAllWarnings":true,"activationType":"ACTIVATE","complianceRecord":{"noncomplianceReason":"NO_PRODUCTION_TRAFFIC"}}"
[2026-02-17T16:10:36.352] [DEBUG] devops-prov.edgegrid.helpers - PREPARED BODY LENGTH 247
[2026-02-17T16:10:36.352] [INFO] devops-prov.edgegrid.helpers - Signing content: "{"propertyVersion":243,"network":"STAGING","note":"Property Manager CLI Activation","notifyEmails":["noreply@akamai.com"],"acknowledgeAllWarnings":true,"activationType":"ACTIVATE","complianceRecord":{"noncomplianceReason":"NO_PRODUCTION_TRAFFIC"}}"
[2026-02-17T16:10:36.352] [DEBUG] devops-prov.edgegrid.helpers - PREPARED BODY {"propertyVersion":243,"network":"STAGING","note":"Property Manager CLI Activation","notifyEmails":["noreply@akamai.com"],"acknowledgeAllWarnings":true,"activationType":"ACTIVATE","complianceRecord":{"noncomplianceReason":"NO_PRODUCTION_TRAFFIC"}}
[2026-02-17T16:10:36.352] [INFO] devops-prov.edgegrid.helpers - Content hash is "F2c4t+TUY9/yyIKk++gzvYSIxnbh+shk+xOugeHXy1w="
[2026-02-17T16:10:36.352] [INFO] devops-prov.edgegrid.helpers - Data to sign: "POST	https	akab-jdn2ct6ewvfefhhb-csofinvorrtwiu5w.luna.akamaiapis.net	/papi/v1/properties/prp_884804/activations?accountSwitchKey=B-M-1YX7F48:1-8BYUX		F2c4t+TUY9/yyIKk++gzvYSIxnbh+shk+xOugeHXy1w=	EG1-HMAC-SHA256 client_token=akab-bic72rx3kwi5am6u-qq65syz63kvrxkl5;access_token=akab-hy2fi6sv4apv2ht2-pgik3gwxxsfupvzr;timestamp=20260217T15:10:36+0000;nonce=e3895536-409e-4d78-8658-a2f19ff96946;" 

[2026-02-17T16:10:36.352] [INFO] devops-prov.edgegrid.helpers - Signing key: QFJdA2v21bKLlr+arXUGhxneZllvaKi8TVc6vlnrwiM=

[2026-02-17T16:10:36.352] [INFO] devops-prov.edgegrid.auth - Signed authorization header: EG1-HMAC-SHA256 client_token=akab-bic72rx3kwi5am6u-qq65syz63kvrxkl5;access_token=akab-hy2fi6sv4apv2ht2-pgik3gwxxsfupvzr;timestamp=20260217T15:10:36+0000;nonce=e3895536-409e-4d78-8658-a2f19ff96946;signature=sIm6yg7KuE4w4RmfoGKRsqYJjnyXdJwDM2tQyhlyiV4=

[2026-02-17T16:10:36.352] [INFO] devops-prov.edgegrid - request {
  debugId: 5,
  uri: 'https://akab-jdn2ct6ewvfefhhb-csofinvorrtwiu5w.luna.akamaiapis.net/papi/v1/properties/prp_884804/activations?accountSwitchKey=B-M-1YX7F48:1-8BYUX',
  method: 'POST',
  headers: {
    'X-User-Agent': 'Akamai-PD; Version=0.7.8-RELEASE;pm-cli;',
    'User-Agent': 'Akamai-PD; Version=0.7.8-RELEASE;pm-cli;',
    'Content-Type': 'application/json',
    Authorization: 'EG1-HMAC-SHA256 client_token=akab-bic72rx3kwi5am6u-qq65syz63kvrxkl5;access_token=akab-hy2fi6sv4apv2ht2-pgik3gwxxsfupvzr;timestamp=20260217T15:10:36+0000;nonce=e3895536-409e-4d78-8658-a2f19ff96946;signature=sIm6yg7KuE4w4RmfoGKRsqYJjnyXdJwDM2tQyhlyiV4=',
    host: 'akab-jdn2ct6ewvfefhhb-csofinvorrtwiu5w.luna.akamaiapis.net',
    'content-length': 247
  },
  body: '{"propertyVersion":243,"network":"STAGING","note":"Property Manager CLI Activation","notifyEmails":["noreply@akamai.com"],"acknowledgeAllWarnings":true,"activationType":"ACTIVATE","complianceRecord":{"noncomplianceReason":"NO_PRODUCTION_TRAFFIC"}}'
}
[2026-02-17T16:10:52.930] [INFO] devops-prov.edgegrid - response {
  debugId: 5,
  headers: {
    'content-type': 'application/json',
    'x-trace-id': '99442b352ce6bf33',
    'x-ids-session-id': '78aa842d-e0ce-41ff-a429-489b8f64c653, 78aa842d-e0ce-41ff-a429-489b8f64c653',
    'x-ratelimit-limit': '2500',
    'x-ratelimit-remaining': '2495',
    location: 'https://akab-jdn2ct6ewvfefhhb-csofinvorrtwiu5w.luna.akamaiapis.net/papi/v1/properties/prp_884804/activations/atv_19092433?accountSwitchKey=B-M-1YX7F48%3A1-8BYUX',
    'x-ratelimit-activations-limit': '500',
    'x-ratelimit-activations-remaining': '486',
    'x-ratelimit-activations-reset': '2026-02-17T21:47:30Z',
    vary: 'accept-encoding',
    'papi-cache-status': 'CACHE_MISS',
    'strict-transport-security': 'max-age=31536000; includeSubDomains',
    'content-length': '121',
    date: 'Tue, 17 Feb 2026 15:10:52 GMT',
    connection: 'keep-alive'
  },
  statusCode: 201,
  body: '{\n' +
    '  "activationLink" : "/papi/v1/properties/prp_884804/activations/atv_19092433?accountSwitchKey=B-M-1YX7F48%3A1-8BYUX"\n' +
    '}'
}
[2026-02-17T16:10:52.930] [INFO] devops-prov.openclient - Status code:  201
[2026-02-17T16:10:52.930] [INFO] devops-prov.openclient - Body:  {
  "activationLink" : "/papi/v1/properties/prp_884804/activations/atv_19092433?accountSwitchKey=B-M-1YX7F48%3A1-8BYUX"
}
[2026-02-17T16:10:52.931] [INFO] devops-prov.envionment - activation regex results:  [
  '/papi/v1/properties/prp_884804/activations/atv_19092433',
  'prp_',
  'atv_',
  '19092433',
  index: 0,
  input: '/papi/v1/properties/prp_884804/activations/atv_19092433?accountSwitchKey=B-M-1YX7F48%3A1-8BYUX',
  groups: undefined
]
[2026-02-25T12:34:56.972] [INFO] devops-prov.factory - Switching account key to: 'B-M-1YX7F48:1-8BYUX'
[2026-02-25T12:34:56.973] [INFO] devops-prov.factory - Switching account key to: 'B-M-1YX7F48:1-8BYUX'
[2026-02-25T12:34:56.973] [INFO] devops-prov.factory - Using credentials file: '/Users/jgrinwis/.edgerc', section: 'gss'
[2026-02-25T12:34:56.973] [INFO] devops-prov - Settings file:  {
  devopsHome: '/Users/jgrinwis/Projects/netlify',
  outputFormat: 'table',
  accountSwitchKey: 'B-M-1YX7F48:1-8BYUX',
  edgeGridConfig: { path: '/Users/jgrinwis/.edgerc', section: 'gss' }
}
[2026-02-25T12:34:56.974] [INFO] devops-prov - emails for activation:  Set(1) { 'noreply@akamai.com' }
[2026-02-25T12:34:56.974] [INFO] devops-prov.factory - need to create papi
[2026-02-25T12:34:56.975] [INFO] devops-prov.openclient - Requesting: POST /papi/v1/search/find-by-value
[2026-02-25T12:34:56.977] [INFO] devops-prov.edgegrid.auth - Unsigned authorization header: EG1-HMAC-SHA256 client_token=akab-bic72rx3kwi5am6u-qq65syz63kvrxkl5;access_token=akab-hy2fi6sv4apv2ht2-pgik3gwxxsfupvzr;timestamp=20260225T11:34:56+0000;nonce=6f55bf4a-43d5-4201-9a64-d5e498f3edc5;

[2026-02-25T12:34:56.977] [INFO] devops-prov.edgegrid.helpers - Body is "{"propertyName":"ew.grinwis.com"}"
[2026-02-25T12:34:56.977] [DEBUG] devops-prov.edgegrid.helpers - PREPARED BODY LENGTH 33
[2026-02-25T12:34:56.977] [INFO] devops-prov.edgegrid.helpers - Signing content: "{"propertyName":"ew.grinwis.com"}"
[2026-02-25T12:34:56.977] [DEBUG] devops-prov.edgegrid.helpers - PREPARED BODY {"propertyName":"ew.grinwis.com"}
[2026-02-25T12:34:56.978] [INFO] devops-prov.edgegrid.helpers - Content hash is "g+raTcFwK/dEt4fLwXuXr5XyaXIAB9AdjzlGbmorcnA="
[2026-02-25T12:34:56.978] [INFO] devops-prov.edgegrid.helpers - Data to sign: "POST	https	akab-jdn2ct6ewvfefhhb-csofinvorrtwiu5w.luna.akamaiapis.net	/papi/v1/search/find-by-value?accountSwitchKey=B-M-1YX7F48:1-8BYUX		g+raTcFwK/dEt4fLwXuXr5XyaXIAB9AdjzlGbmorcnA=	EG1-HMAC-SHA256 client_token=akab-bic72rx3kwi5am6u-qq65syz63kvrxkl5;access_token=akab-hy2fi6sv4apv2ht2-pgik3gwxxsfupvzr;timestamp=20260225T11:34:56+0000;nonce=6f55bf4a-43d5-4201-9a64-d5e498f3edc5;" 

[2026-02-25T12:34:56.978] [INFO] devops-prov.edgegrid.helpers - Signing key: 3flbFq7qruLVO2G6+syWKuNvFsq3GHL/7W6WUWp5KJw=

[2026-02-25T12:34:56.978] [INFO] devops-prov.edgegrid.auth - Signed authorization header: EG1-HMAC-SHA256 client_token=akab-bic72rx3kwi5am6u-qq65syz63kvrxkl5;access_token=akab-hy2fi6sv4apv2ht2-pgik3gwxxsfupvzr;timestamp=20260225T11:34:56+0000;nonce=6f55bf4a-43d5-4201-9a64-d5e498f3edc5;signature=YwrfyNvGI23v/PkdIFp2/r52FMHAsIZh32P6JkBv4IY=

[2026-02-25T12:34:57.001] [INFO] devops-prov.edgegrid - request {
  debugId: 1,
  uri: 'https://akab-jdn2ct6ewvfefhhb-csofinvorrtwiu5w.luna.akamaiapis.net/papi/v1/search/find-by-value?accountSwitchKey=B-M-1YX7F48:1-8BYUX',
  method: 'POST',
  headers: {
    'X-User-Agent': 'Akamai-PD; Version=0.7.8-RELEASE;pm-cli;',
    'User-Agent': 'Akamai-PD; Version=0.7.8-RELEASE;pm-cli;',
    'Content-Type': 'application/json',
    Authorization: 'EG1-HMAC-SHA256 client_token=akab-bic72rx3kwi5am6u-qq65syz63kvrxkl5;access_token=akab-hy2fi6sv4apv2ht2-pgik3gwxxsfupvzr;timestamp=20260225T11:34:56+0000;nonce=6f55bf4a-43d5-4201-9a64-d5e498f3edc5;signature=YwrfyNvGI23v/PkdIFp2/r52FMHAsIZh32P6JkBv4IY=',
    host: 'akab-jdn2ct6ewvfefhhb-csofinvorrtwiu5w.luna.akamaiapis.net',
    'content-length': 33
  },
  body: '{"propertyName":"ew.grinwis.com"}'
}
[2026-02-25T12:34:58.873] [INFO] devops-prov.edgegrid - response {
  debugId: 1,
  headers: {
    'content-type': 'application/json',
    'x-trace-id': '320e6b0a25eecdc9',
    'x-ids-session-id': '82147a8e-b39b-4b6b-b601-9ffa91bb2eac, 82147a8e-b39b-4b6b-b601-9ffa91bb2eac',
    'x-ratelimit-limit': '2500',
    'x-ratelimit-remaining': '2432',
    vary: 'accept-encoding',
    'papi-cache-status': 'CACHE_MISS',
    'strict-transport-security': 'max-age=31536000; includeSubDomains',
    'content-length': '1282',
    date: 'Wed, 25 Feb 2026 11:34:58 GMT',
    connection: 'keep-alive'
  },
  statusCode: 200,
  body: '{\n' +
    '  "versions" : {\n' +
    '    "items" : [ {\n' +
    '      "accountId" : "act_B-M-1YX7F48",\n' +
    '      "contractId" : "ctr_M-1YX7F61",\n' +
    '      "assetId" : "aid_11120979",\n' +
    '      "groupId" : "grp_93068",\n' +
    '      "propertyId" : "prp_884804",\n' +
    '      "propertyName" : "ew.grinwis.com",\n' +
    '      "propertyVersion" : 243,\n' +
    '      "updatedByUser" : "jgrinwis",\n' +
    '      "updatedDate" : "2026-02-17T15:10:25Z",\n' +
    '      "productionStatus" : "INACTIVE",\n' +
    '      "stagingStatus" : "ACTIVE"\n' +
    '    }, {\n' +
    '      "accountId" : "act_B-M-1YX7F48",\n' +
    '      "contractId" : "ctr_M-1YX7F61",\n' +
    '      "assetId" : "aid_11120979",\n' +
    '      "groupId" : "grp_93068",\n' +
    '      "propertyId" : "prp_884804",\n' +
    '      "propertyName" : "ew.grinwis.com",\n' +
    '      "propertyVersion" : 220,\n' +
    '      "updatedByUser" : "jgrinwis",\n' +
    '      "updatedDate" : "2025-10-09T13:01:21Z",\n' +
    '      "productionStatus" : "ACTIVE",\n' +
    '      "stagingStatus" : "DEACTIVATED"\n' +
    '    }, {\n' +
    '      "accountId" : "act_B-M-1YX7F48",\n' +
    '      "contractId" : "ctr_M-1YX7F61",\n' +
    '      "assetId" : "aid_11120979",\n' +
    '      "groupId" : "grp_93068",\n' +
    '      "propertyId" : "prp_884804",\n' +
    '      "propertyName" : "ew.grinwis.com",\n' +
    '      "propertyVersion" : 244,\n' +
    '      "updatedByUser" : "jgrinwis",\n' +
    '      "updatedDate" : "2026-02-25T11:34:42Z",\n' +
    '      "productionStatus" : "INACTIVE",\n' +
    '      "stagingStatus" : "INACTIVE"\n' +
    '    } ]\n' +
    '  }\n' +
    '}'
}
[2026-02-25T12:34:58.874] [INFO] devops-prov.openclient - Status code:  200
[2026-02-25T12:34:58.874] [INFO] devops-prov.openclient - Body:  {
  "versions" : {
    "items" : [ {
      "accountId" : "act_B-M-1YX7F48",
      "contractId" : "ctr_M-1YX7F61",
      "assetId" : "aid_11120979",
      "groupId" : "grp_93068",
      "propertyId" : "prp_884804",
      "propertyName" : "ew.grinwis.com",
      "propertyVersion" : 243,
      "updatedByUser" : "jgrinwis",
      "updatedDate" : "2026-02-17T15:10:25Z",
      "productionStatus" : "INACTIVE",
      "stagingStatus" : "ACTIVE"
    }, {
      "accountId" : "act_B-M-1YX7F48",
      "contractId" : "ctr_M-1YX7F61",
      "assetId" : "aid_11120979",
      "groupId" : "grp_93068",
      "propertyId" : "prp_884804",
      "propertyName" : "ew.grinwis.com",
      "propertyVersion" : 220,
      "updatedByUser" : "jgrinwis",
      "updatedDate" : "2025-10-09T13:01:21Z",
      "productionStatus" : "ACTIVE",
      "stagingStatus" : "DEACTIVATED"
    }, {
      "accountId" : "act_B-M-1YX7F48",
      "contractId" : "ctr_M-1YX7F61",
      "assetId" : "aid_11120979",
      "groupId" : "grp_93068",
      "propertyId" : "prp_884804",
      "propertyName" : "ew.grinwis.com",
      "propertyVersion" : 244,
      "updatedByUser" : "jgrinwis",
      "updatedDate" : "2026-02-25T11:34:42Z",
      "productionStatus" : "INACTIVE",
      "stagingStatus" : "INACTIVE"
    } ]
  }
}
[2026-02-25T12:34:58.874] [INFO] devops-prov.openclient - Requesting: GET /papi/v1/properties/884804/versions/latest
[2026-02-25T12:34:58.874] [INFO] devops-prov.edgegrid.auth - Unsigned authorization header: EG1-HMAC-SHA256 client_token=akab-bic72rx3kwi5am6u-qq65syz63kvrxkl5;access_token=akab-hy2fi6sv4apv2ht2-pgik3gwxxsfupvzr;timestamp=20260225T11:34:58+0000;nonce=020c7062-0a44-4367-b879-2d1eb03d810e;

[2026-02-25T12:34:58.874] [INFO] devops-prov.edgegrid.helpers - Body is ""
[2026-02-25T12:34:58.875] [DEBUG] devops-prov.edgegrid.helpers - PREPARED BODY LENGTH 0
[2026-02-25T12:34:58.875] [INFO] devops-prov.edgegrid.helpers - Data to sign: "GET	https	akab-jdn2ct6ewvfefhhb-csofinvorrtwiu5w.luna.akamaiapis.net	/papi/v1/properties/884804/versions/latest?accountSwitchKey=B-M-1YX7F48:1-8BYUX			EG1-HMAC-SHA256 client_token=akab-bic72rx3kwi5am6u-qq65syz63kvrxkl5;access_token=akab-hy2fi6sv4apv2ht2-pgik3gwxxsfupvzr;timestamp=20260225T11:34:58+0000;nonce=020c7062-0a44-4367-b879-2d1eb03d810e;" 

[2026-02-25T12:34:58.875] [INFO] devops-prov.edgegrid.helpers - Signing key: P0JM2F5TOdP4XY1xxFZiezPUUng8WgW28UZOrKZ0tkc=

[2026-02-25T12:34:58.875] [INFO] devops-prov.edgegrid.auth - Signed authorization header: EG1-HMAC-SHA256 client_token=akab-bic72rx3kwi5am6u-qq65syz63kvrxkl5;access_token=akab-hy2fi6sv4apv2ht2-pgik3gwxxsfupvzr;timestamp=20260225T11:34:58+0000;nonce=020c7062-0a44-4367-b879-2d1eb03d810e;signature=A+SRfooIcuCYVy2V5+aLcby7bmQf+kc+PsB9YHv5WjI=

[2026-02-25T12:34:58.875] [INFO] devops-prov.edgegrid - request {
  debugId: 2,
  uri: 'https://akab-jdn2ct6ewvfefhhb-csofinvorrtwiu5w.luna.akamaiapis.net/papi/v1/properties/884804/versions/latest?accountSwitchKey=B-M-1YX7F48:1-8BYUX',
  method: 'GET',
  headers: {
    'X-User-Agent': 'Akamai-PD; Version=0.7.8-RELEASE;pm-cli;',
    'User-Agent': 'Akamai-PD; Version=0.7.8-RELEASE;pm-cli;',
    Authorization: 'EG1-HMAC-SHA256 client_token=akab-bic72rx3kwi5am6u-qq65syz63kvrxkl5;access_token=akab-hy2fi6sv4apv2ht2-pgik3gwxxsfupvzr;timestamp=20260225T11:34:58+0000;nonce=020c7062-0a44-4367-b879-2d1eb03d810e;signature=A+SRfooIcuCYVy2V5+aLcby7bmQf+kc+PsB9YHv5WjI=',
    host: 'akab-jdn2ct6ewvfefhhb-csofinvorrtwiu5w.luna.akamaiapis.net'
  }
}
[2026-02-25T12:34:59.484] [INFO] devops-prov.edgegrid - response {
  debugId: 2,
  headers: {
    'content-type': 'application/json',
    'x-trace-id': '7832d82f860021d4',
    'x-ids-session-id': 'fbfd0043-5f43-4e71-9e4a-1c10780eed17, fbfd0043-5f43-4e71-9e4a-1c10780eed17',
    'x-ratelimit-limit': '2500',
    'x-ratelimit-remaining': '2431',
    location: 'https://akab-jdn2ct6ewvfefhhb-csofinvorrtwiu5w.luna.akamaiapis.net/papi/v1/properties/prp_884804/versions/244?accountSwitchKey=B-M-1YX7F48%3A1-8BYUX',
    vary: 'accept-encoding',
    'papi-cache-status': 'CACHE_MISS',
    'strict-transport-security': 'max-age=31536000; includeSubDomains',
    'content-length': '106',
    date: 'Wed, 25 Feb 2026 11:34:59 GMT',
    connection: 'keep-alive'
  },
  statusCode: 302,
  body: '{\n' +
    '  "versionLink" : "/papi/v1/properties/prp_884804/versions/244?accountSwitchKey=B-M-1YX7F48%3A1-8BYUX"\n' +
    '}'
}
[2026-02-25T12:34:59.486] [INFO] devops-prov.edgegrid.auth - Unsigned authorization header: EG1-HMAC-SHA256 client_token=akab-bic72rx3kwi5am6u-qq65syz63kvrxkl5;access_token=akab-hy2fi6sv4apv2ht2-pgik3gwxxsfupvzr;timestamp=20260225T11:34:59+0000;nonce=422f03e2-884d-4195-aa50-1bdbd19e4e0a;

[2026-02-25T12:34:59.486] [INFO] devops-prov.edgegrid.helpers - Body is ""
[2026-02-25T12:34:59.486] [DEBUG] devops-prov.edgegrid.helpers - PREPARED BODY LENGTH 0
[2026-02-25T12:34:59.486] [INFO] devops-prov.edgegrid.helpers - Data to sign: "GET	https	akab-jdn2ct6ewvfefhhb-csofinvorrtwiu5w.luna.akamaiapis.net	/papi/v1/properties/prp_884804/versions/244?accountSwitchKey=B-M-1YX7F48%3A1-8BYUX			EG1-HMAC-SHA256 client_token=akab-bic72rx3kwi5am6u-qq65syz63kvrxkl5;access_token=akab-hy2fi6sv4apv2ht2-pgik3gwxxsfupvzr;timestamp=20260225T11:34:59+0000;nonce=422f03e2-884d-4195-aa50-1bdbd19e4e0a;" 

[2026-02-25T12:34:59.486] [INFO] devops-prov.edgegrid.helpers - Signing key: mPuZ5Zzt6TuvSaXVXXMSspuiIpnuHgIdyL9iplqi668=

[2026-02-25T12:34:59.486] [INFO] devops-prov.edgegrid.auth - Signed authorization header: EG1-HMAC-SHA256 client_token=akab-bic72rx3kwi5am6u-qq65syz63kvrxkl5;access_token=akab-hy2fi6sv4apv2ht2-pgik3gwxxsfupvzr;timestamp=20260225T11:34:59+0000;nonce=422f03e2-884d-4195-aa50-1bdbd19e4e0a;signature=SIxR7NHRMXn7UErZdCm03uSxI8PxFDISAEewzQ3fjb8=

[2026-02-25T12:34:59.487] [INFO] devops-prov.edgegrid - request {
  debugId: 3,
  uri: 'https://akab-jdn2ct6ewvfefhhb-csofinvorrtwiu5w.luna.akamaiapis.net/papi/v1/properties/prp_884804/versions/244?accountSwitchKey=B-M-1YX7F48%3A1-8BYUX',
  method: 'GET',
  headers: {
    'X-User-Agent': 'Akamai-PD; Version=0.7.8-RELEASE;pm-cli;',
    'User-Agent': 'Akamai-PD; Version=0.7.8-RELEASE;pm-cli;',
    Authorization: 'EG1-HMAC-SHA256 client_token=akab-bic72rx3kwi5am6u-qq65syz63kvrxkl5;access_token=akab-hy2fi6sv4apv2ht2-pgik3gwxxsfupvzr;timestamp=20260225T11:34:59+0000;nonce=422f03e2-884d-4195-aa50-1bdbd19e4e0a;signature=SIxR7NHRMXn7UErZdCm03uSxI8PxFDISAEewzQ3fjb8=',
    host: 'akab-jdn2ct6ewvfefhhb-csofinvorrtwiu5w.luna.akamaiapis.net'
  }
}
[2026-02-25T12:34:59.703] [INFO] devops-prov.edgegrid - response {
  debugId: 3,
  headers: {
    'content-type': 'application/json',
    'x-trace-id': 'fec7d3fdb85133be',
    'x-ids-session-id': '6263018f-ed13-4d36-b2c9-c09368484977, 6263018f-ed13-4d36-b2c9-c09368484977',
    'x-ratelimit-limit': '2500',
    'x-ratelimit-remaining': '2429',
    location: 'https://akab-jdn2ct6ewvfefhhb-csofinvorrtwiu5w.luna.akamaiapis.net/papi/v1/properties/884804/versions/244?groupId=93068&contractId=M-1YX7F61&accountSwitchKey=B-M-1YX7F48%3A1-8BYUX',
    vary: 'accept-encoding',
    'papi-cache-status': 'CACHE_MISS',
    'strict-transport-security': 'max-age=31536000; includeSubDomains',
    'content-length': '138',
    date: 'Wed, 25 Feb 2026 11:34:59 GMT',
    connection: 'keep-alive'
  },
  statusCode: 302,
  body: '{\n' +
    '  "redirectLink" : "/papi/v1/properties/884804/versions/244?groupId=93068&contractId=M-1YX7F61&accountSwitchKey=B-M-1YX7F48%3A1-8BYUX"\n' +
    '}'
}
[2026-02-25T12:34:59.704] [INFO] devops-prov.edgegrid.auth - Unsigned authorization header: EG1-HMAC-SHA256 client_token=akab-bic72rx3kwi5am6u-qq65syz63kvrxkl5;access_token=akab-hy2fi6sv4apv2ht2-pgik3gwxxsfupvzr;timestamp=20260225T11:34:59+0000;nonce=69dc96bf-1d55-41d4-8414-8072170a27cd;

[2026-02-25T12:34:59.704] [INFO] devops-prov.edgegrid.helpers - Body is ""
[2026-02-25T12:34:59.704] [DEBUG] devops-prov.edgegrid.helpers - PREPARED BODY LENGTH 0
[2026-02-25T12:34:59.704] [INFO] devops-prov.edgegrid.helpers - Data to sign: "GET	https	akab-jdn2ct6ewvfefhhb-csofinvorrtwiu5w.luna.akamaiapis.net	/papi/v1/properties/884804/versions/244?groupId=93068&contractId=M-1YX7F61&accountSwitchKey=B-M-1YX7F48%3A1-8BYUX			EG1-HMAC-SHA256 client_token=akab-bic72rx3kwi5am6u-qq65syz63kvrxkl5;access_token=akab-hy2fi6sv4apv2ht2-pgik3gwxxsfupvzr;timestamp=20260225T11:34:59+0000;nonce=69dc96bf-1d55-41d4-8414-8072170a27cd;" 

[2026-02-25T12:34:59.704] [INFO] devops-prov.edgegrid.helpers - Signing key: mPuZ5Zzt6TuvSaXVXXMSspuiIpnuHgIdyL9iplqi668=

[2026-02-25T12:34:59.704] [INFO] devops-prov.edgegrid.auth - Signed authorization header: EG1-HMAC-SHA256 client_token=akab-bic72rx3kwi5am6u-qq65syz63kvrxkl5;access_token=akab-hy2fi6sv4apv2ht2-pgik3gwxxsfupvzr;timestamp=20260225T11:34:59+0000;nonce=69dc96bf-1d55-41d4-8414-8072170a27cd;signature=75e64y+lOyjYLJPQgveqshHSD6PpdPkoLRBkxahsbtg=

[2026-02-25T12:34:59.706] [INFO] devops-prov.edgegrid - request {
  debugId: 4,
  uri: 'https://akab-jdn2ct6ewvfefhhb-csofinvorrtwiu5w.luna.akamaiapis.net/papi/v1/properties/884804/versions/244?groupId=93068&contractId=M-1YX7F61&accountSwitchKey=B-M-1YX7F48%3A1-8BYUX',
  method: 'GET',
  headers: {
    'X-User-Agent': 'Akamai-PD; Version=0.7.8-RELEASE;pm-cli;',
    'User-Agent': 'Akamai-PD; Version=0.7.8-RELEASE;pm-cli;',
    Authorization: 'EG1-HMAC-SHA256 client_token=akab-bic72rx3kwi5am6u-qq65syz63kvrxkl5;access_token=akab-hy2fi6sv4apv2ht2-pgik3gwxxsfupvzr;timestamp=20260225T11:34:59+0000;nonce=69dc96bf-1d55-41d4-8414-8072170a27cd;signature=75e64y+lOyjYLJPQgveqshHSD6PpdPkoLRBkxahsbtg=',
    host: 'akab-jdn2ct6ewvfefhhb-csofinvorrtwiu5w.luna.akamaiapis.net'
  }
}
[2026-02-25T12:35:00.307] [INFO] devops-prov.edgegrid - response {
  debugId: 4,
  headers: {
    'content-type': 'application/json',
    'x-trace-id': '695e1597b2ac0043',
    'x-ids-session-id': '6263018f-ed13-4d36-b2c9-c09368484977, 6263018f-ed13-4d36-b2c9-c09368484977',
    'x-ratelimit-limit': '2500',
    'x-ratelimit-remaining': '2428',
    vary: 'accept,accept-encoding',
    'cache-control': 'no-store',
    'papi-cache-status': 'CACHE_MISS',
    'strict-transport-security': 'max-age=31536000; includeSubDomains',
    'content-length': '559',
    date: 'Wed, 25 Feb 2026 11:35:00 GMT',
    connection: 'keep-alive'
  },
  statusCode: 200,
  body: '{\n' +
    '  "propertyId" : "prp_884804",\n' +
    '  "propertyName" : "ew.grinwis.com",\n' +
    '  "accountId" : "act_B-M-1YX7F48",\n' +
    '  "contractId" : "ctr_M-1YX7F61",\n' +
    '  "groupId" : "grp_93068",\n' +
    '  "assetId" : "aid_11120979",\n' +
    '  "versions" : {\n' +
    '    "items" : [ {\n' +
    '      "propertyVersion" : 244,\n' +
    '      "updatedByUser" : "jgrinwis",\n' +
    '      "updatedDate" : "2026-02-25T11:34:42Z",\n' +
    '      "productionStatus" : "INACTIVE",\n' +
    '      "stagingStatus" : "INACTIVE",\n' +
    '      "etag" : "17189213ced79f99b1d000d7a39e3df257e6de1e",\n' +
    '      "productId" : "prd_Site_Accel",\n' +
    '      "ruleFormat" : "latest"\n' +
    '    } ]\n' +
    '  }\n' +
    '}'
}
[2026-02-25T12:35:00.308] [INFO] devops-prov.openclient - Status code:  200
[2026-02-25T12:35:00.308] [INFO] devops-prov.openclient - Body:  {
  "propertyId" : "prp_884804",
  "propertyName" : "ew.grinwis.com",
  "accountId" : "act_B-M-1YX7F48",
  "contractId" : "ctr_M-1YX7F61",
  "groupId" : "grp_93068",
  "assetId" : "aid_11120979",
  "versions" : {
    "items" : [ {
      "propertyVersion" : 244,
      "updatedByUser" : "jgrinwis",
      "updatedDate" : "2026-02-25T11:34:42Z",
      "productionStatus" : "INACTIVE",
      "stagingStatus" : "INACTIVE",
      "etag" : "17189213ced79f99b1d000d7a39e3df257e6de1e",
      "productId" : "prd_Site_Accel",
      "ruleFormat" : "latest"
    } ]
  }
}
[2026-02-25T12:35:00.309] [INFO] devops-prov.openclient - Requesting: POST /papi/v1/properties/prp_884804/activations
[2026-02-25T12:35:00.310] [INFO] devops-prov.edgegrid.auth - Unsigned authorization header: EG1-HMAC-SHA256 client_token=akab-bic72rx3kwi5am6u-qq65syz63kvrxkl5;access_token=akab-hy2fi6sv4apv2ht2-pgik3gwxxsfupvzr;timestamp=20260225T11:35:00+0000;nonce=c797fb7e-4fdb-4832-98a6-d52ad26bf5dd;

[2026-02-25T12:35:00.310] [INFO] devops-prov.edgegrid.helpers - Body is "{"propertyVersion":244,"network":"STAGING","note":"Property Manager CLI Activation","notifyEmails":["noreply@akamai.com"],"acknowledgeAllWarnings":true,"activationType":"ACTIVATE","complianceRecord":{"noncomplianceReason":"NO_PRODUCTION_TRAFFIC"}}"
[2026-02-25T12:35:00.310] [DEBUG] devops-prov.edgegrid.helpers - PREPARED BODY LENGTH 247
[2026-02-25T12:35:00.310] [INFO] devops-prov.edgegrid.helpers - Signing content: "{"propertyVersion":244,"network":"STAGING","note":"Property Manager CLI Activation","notifyEmails":["noreply@akamai.com"],"acknowledgeAllWarnings":true,"activationType":"ACTIVATE","complianceRecord":{"noncomplianceReason":"NO_PRODUCTION_TRAFFIC"}}"
[2026-02-25T12:35:00.310] [DEBUG] devops-prov.edgegrid.helpers - PREPARED BODY {"propertyVersion":244,"network":"STAGING","note":"Property Manager CLI Activation","notifyEmails":["noreply@akamai.com"],"acknowledgeAllWarnings":true,"activationType":"ACTIVATE","complianceRecord":{"noncomplianceReason":"NO_PRODUCTION_TRAFFIC"}}
[2026-02-25T12:35:00.310] [INFO] devops-prov.edgegrid.helpers - Content hash is "BYic8WBgdAT3ie1HGs9Kw9FGVPo/AXgzDEpG0w73Zsg="
[2026-02-25T12:35:00.310] [INFO] devops-prov.edgegrid.helpers - Data to sign: "POST	https	akab-jdn2ct6ewvfefhhb-csofinvorrtwiu5w.luna.akamaiapis.net	/papi/v1/properties/prp_884804/activations?accountSwitchKey=B-M-1YX7F48:1-8BYUX		BYic8WBgdAT3ie1HGs9Kw9FGVPo/AXgzDEpG0w73Zsg=	EG1-HMAC-SHA256 client_token=akab-bic72rx3kwi5am6u-qq65syz63kvrxkl5;access_token=akab-hy2fi6sv4apv2ht2-pgik3gwxxsfupvzr;timestamp=20260225T11:35:00+0000;nonce=c797fb7e-4fdb-4832-98a6-d52ad26bf5dd;" 

[2026-02-25T12:35:00.310] [INFO] devops-prov.edgegrid.helpers - Signing key: OU6FtN8EpZlZimNzB8VM24MbvEzXrlMpG+JbKxWnMrM=

[2026-02-25T12:35:00.310] [INFO] devops-prov.edgegrid.auth - Signed authorization header: EG1-HMAC-SHA256 client_token=akab-bic72rx3kwi5am6u-qq65syz63kvrxkl5;access_token=akab-hy2fi6sv4apv2ht2-pgik3gwxxsfupvzr;timestamp=20260225T11:35:00+0000;nonce=c797fb7e-4fdb-4832-98a6-d52ad26bf5dd;signature=XlSXHzNmHa7ocyeaeTOdum2nw30dO+CYFIHx7c6CnDU=

[2026-02-25T12:35:00.310] [INFO] devops-prov.edgegrid - request {
  debugId: 5,
  uri: 'https://akab-jdn2ct6ewvfefhhb-csofinvorrtwiu5w.luna.akamaiapis.net/papi/v1/properties/prp_884804/activations?accountSwitchKey=B-M-1YX7F48:1-8BYUX',
  method: 'POST',
  headers: {
    'X-User-Agent': 'Akamai-PD; Version=0.7.8-RELEASE;pm-cli;',
    'User-Agent': 'Akamai-PD; Version=0.7.8-RELEASE;pm-cli;',
    'Content-Type': 'application/json',
    Authorization: 'EG1-HMAC-SHA256 client_token=akab-bic72rx3kwi5am6u-qq65syz63kvrxkl5;access_token=akab-hy2fi6sv4apv2ht2-pgik3gwxxsfupvzr;timestamp=20260225T11:35:00+0000;nonce=c797fb7e-4fdb-4832-98a6-d52ad26bf5dd;signature=XlSXHzNmHa7ocyeaeTOdum2nw30dO+CYFIHx7c6CnDU=',
    host: 'akab-jdn2ct6ewvfefhhb-csofinvorrtwiu5w.luna.akamaiapis.net',
    'content-length': 247
  },
  body: '{"propertyVersion":244,"network":"STAGING","note":"Property Manager CLI Activation","notifyEmails":["noreply@akamai.com"],"acknowledgeAllWarnings":true,"activationType":"ACTIVATE","complianceRecord":{"noncomplianceReason":"NO_PRODUCTION_TRAFFIC"}}'
}
[2026-02-25T12:35:16.094] [INFO] devops-prov.edgegrid - response {
  debugId: 5,
  headers: {
    'content-type': 'application/json',
    'x-trace-id': '3c48717f07406d5c',
    'x-ids-session-id': 'fbfd0043-5f43-4e71-9e4a-1c10780eed17, fbfd0043-5f43-4e71-9e4a-1c10780eed17',
    'x-ratelimit-limit': '2500',
    'x-ratelimit-remaining': '2427',
    location: 'https://akab-jdn2ct6ewvfefhhb-csofinvorrtwiu5w.luna.akamaiapis.net/papi/v1/properties/prp_884804/activations/atv_19144237?accountSwitchKey=B-M-1YX7F48%3A1-8BYUX',
    'x-ratelimit-activations-limit': '500',
    'x-ratelimit-activations-remaining': '497',
    'x-ratelimit-activations-reset': '2026-02-25T19:35:55Z',
    vary: 'accept-encoding',
    'papi-cache-status': 'CACHE_MISS',
    'strict-transport-security': 'max-age=31536000; includeSubDomains',
    'content-length': '121',
    date: 'Wed, 25 Feb 2026 11:35:16 GMT',
    connection: 'keep-alive'
  },
  statusCode: 201,
  body: '{\n' +
    '  "activationLink" : "/papi/v1/properties/prp_884804/activations/atv_19144237?accountSwitchKey=B-M-1YX7F48%3A1-8BYUX"\n' +
    '}'
}
[2026-02-25T12:35:16.094] [INFO] devops-prov.openclient - Status code:  201
[2026-02-25T12:35:16.094] [INFO] devops-prov.openclient - Body:  {
  "activationLink" : "/papi/v1/properties/prp_884804/activations/atv_19144237?accountSwitchKey=B-M-1YX7F48%3A1-8BYUX"
}
[2026-02-25T12:35:16.095] [INFO] devops-prov.envionment - activation regex results:  [
  '/papi/v1/properties/prp_884804/activations/atv_19144237',
  'prp_',
  'atv_',
  '19144237',
  index: 0,
  input: '/papi/v1/properties/prp_884804/activations/atv_19144237?accountSwitchKey=B-M-1YX7F48%3A1-8BYUX',
  groups: undefined
]
[2026-02-25T12:41:29.991] [INFO] devops-prov.factory - Switching account key to: 'B-M-1YX7F48:1-8BYUX'
[2026-02-25T12:41:29.991] [INFO] devops-prov.factory - Switching account key to: 'B-M-1YX7F48:1-8BYUX'
[2026-02-25T12:41:29.992] [INFO] devops-prov.factory - Using credentials file: '/Users/jgrinwis/.edgerc', section: 'gss'
[2026-02-25T12:41:29.992] [INFO] devops-prov - Settings file:  {
  devopsHome: '/Users/jgrinwis/Projects/netlify',
  outputFormat: 'table',
  accountSwitchKey: 'B-M-1YX7F48:1-8BYUX',
  edgeGridConfig: { path: '/Users/jgrinwis/.edgerc', section: 'gss' }
}
[2026-02-25T12:41:29.992] [INFO] devops-prov - emails for activation:  Set(1) { 'noreply@akamai.com' }
[2026-02-25T12:41:29.992] [INFO] devops-prov.factory - need to create papi
[2026-02-25T12:41:29.993] [INFO] devops-prov.openclient - Requesting: POST /papi/v1/search/find-by-value
[2026-02-25T12:41:29.995] [INFO] devops-prov.edgegrid.auth - Unsigned authorization header: EG1-HMAC-SHA256 client_token=akab-bic72rx3kwi5am6u-qq65syz63kvrxkl5;access_token=akab-hy2fi6sv4apv2ht2-pgik3gwxxsfupvzr;timestamp=20260225T11:41:29+0000;nonce=b7518402-5bfb-4428-8c03-233228390021;

[2026-02-25T12:41:29.995] [INFO] devops-prov.edgegrid.helpers - Body is "{"propertyName":"ew.grinwis.com"}"
[2026-02-25T12:41:29.995] [DEBUG] devops-prov.edgegrid.helpers - PREPARED BODY LENGTH 33
[2026-02-25T12:41:29.995] [INFO] devops-prov.edgegrid.helpers - Signing content: "{"propertyName":"ew.grinwis.com"}"
[2026-02-25T12:41:29.995] [DEBUG] devops-prov.edgegrid.helpers - PREPARED BODY {"propertyName":"ew.grinwis.com"}
[2026-02-25T12:41:29.996] [INFO] devops-prov.edgegrid.helpers - Content hash is "g+raTcFwK/dEt4fLwXuXr5XyaXIAB9AdjzlGbmorcnA="
[2026-02-25T12:41:29.996] [INFO] devops-prov.edgegrid.helpers - Data to sign: "POST	https	akab-jdn2ct6ewvfefhhb-csofinvorrtwiu5w.luna.akamaiapis.net	/papi/v1/search/find-by-value?accountSwitchKey=B-M-1YX7F48:1-8BYUX		g+raTcFwK/dEt4fLwXuXr5XyaXIAB9AdjzlGbmorcnA=	EG1-HMAC-SHA256 client_token=akab-bic72rx3kwi5am6u-qq65syz63kvrxkl5;access_token=akab-hy2fi6sv4apv2ht2-pgik3gwxxsfupvzr;timestamp=20260225T11:41:29+0000;nonce=b7518402-5bfb-4428-8c03-233228390021;" 

[2026-02-25T12:41:29.996] [INFO] devops-prov.edgegrid.helpers - Signing key: ByhxX8bOe9/kyVOqEdsZlPMusQ2N4v71exSDQvp0G/Y=

[2026-02-25T12:41:29.996] [INFO] devops-prov.edgegrid.auth - Signed authorization header: EG1-HMAC-SHA256 client_token=akab-bic72rx3kwi5am6u-qq65syz63kvrxkl5;access_token=akab-hy2fi6sv4apv2ht2-pgik3gwxxsfupvzr;timestamp=20260225T11:41:29+0000;nonce=b7518402-5bfb-4428-8c03-233228390021;signature=NC30bWGaahreSsCcEwgF7QtB6yx93CwgoFPw9gdB838=

[2026-02-25T12:41:30.017] [INFO] devops-prov.edgegrid - request {
  debugId: 1,
  uri: 'https://akab-jdn2ct6ewvfefhhb-csofinvorrtwiu5w.luna.akamaiapis.net/papi/v1/search/find-by-value?accountSwitchKey=B-M-1YX7F48:1-8BYUX',
  method: 'POST',
  headers: {
    'X-User-Agent': 'Akamai-PD; Version=0.7.8-RELEASE;pm-cli;',
    'User-Agent': 'Akamai-PD; Version=0.7.8-RELEASE;pm-cli;',
    'Content-Type': 'application/json',
    Authorization: 'EG1-HMAC-SHA256 client_token=akab-bic72rx3kwi5am6u-qq65syz63kvrxkl5;access_token=akab-hy2fi6sv4apv2ht2-pgik3gwxxsfupvzr;timestamp=20260225T11:41:29+0000;nonce=b7518402-5bfb-4428-8c03-233228390021;signature=NC30bWGaahreSsCcEwgF7QtB6yx93CwgoFPw9gdB838=',
    host: 'akab-jdn2ct6ewvfefhhb-csofinvorrtwiu5w.luna.akamaiapis.net',
    'content-length': 33
  },
  body: '{"propertyName":"ew.grinwis.com"}'
}
[2026-02-25T12:41:30.799] [INFO] devops-prov.edgegrid - response {
  debugId: 1,
  headers: {
    'content-type': 'application/json',
    'x-trace-id': '0445afec607354c1',
    'x-ids-session-id': '26206951-9974-454f-8d9b-78965ed76e2a, 26206951-9974-454f-8d9b-78965ed76e2a',
    'x-ratelimit-limit': '2500',
    'x-ratelimit-remaining': '2446',
    vary: 'accept-encoding',
    'papi-cache-status': 'CACHE_MISS',
    'strict-transport-security': 'max-age=31536000; includeSubDomains',
    'content-length': '1282',
    date: 'Wed, 25 Feb 2026 11:41:30 GMT',
    connection: 'keep-alive'
  },
  statusCode: 200,
  body: '{\n' +
    '  "versions" : {\n' +
    '    "items" : [ {\n' +
    '      "accountId" : "act_B-M-1YX7F48",\n' +
    '      "contractId" : "ctr_M-1YX7F61",\n' +
    '      "assetId" : "aid_11120979",\n' +
    '      "groupId" : "grp_93068",\n' +
    '      "propertyId" : "prp_884804",\n' +
    '      "propertyName" : "ew.grinwis.com",\n' +
    '      "propertyVersion" : 244,\n' +
    '      "updatedByUser" : "jgrinwis",\n' +
    '      "updatedDate" : "2026-02-25T11:34:42Z",\n' +
    '      "productionStatus" : "INACTIVE",\n' +
    '      "stagingStatus" : "ACTIVE"\n' +
    '    }, {\n' +
    '      "accountId" : "act_B-M-1YX7F48",\n' +
    '      "contractId" : "ctr_M-1YX7F61",\n' +
    '      "assetId" : "aid_11120979",\n' +
    '      "groupId" : "grp_93068",\n' +
    '      "propertyId" : "prp_884804",\n' +
    '      "propertyName" : "ew.grinwis.com",\n' +
    '      "propertyVersion" : 220,\n' +
    '      "updatedByUser" : "jgrinwis",\n' +
    '      "updatedDate" : "2025-10-09T13:01:21Z",\n' +
    '      "productionStatus" : "ACTIVE",\n' +
    '      "stagingStatus" : "DEACTIVATED"\n' +
    '    }, {\n' +
    '      "accountId" : "act_B-M-1YX7F48",\n' +
    '      "contractId" : "ctr_M-1YX7F61",\n' +
    '      "assetId" : "aid_11120979",\n' +
    '      "groupId" : "grp_93068",\n' +
    '      "propertyId" : "prp_884804",\n' +
    '      "propertyName" : "ew.grinwis.com",\n' +
    '      "propertyVersion" : 245,\n' +
    '      "updatedByUser" : "jgrinwis",\n' +
    '      "updatedDate" : "2026-02-25T11:41:22Z",\n' +
    '      "productionStatus" : "INACTIVE",\n' +
    '      "stagingStatus" : "INACTIVE"\n' +
    '    } ]\n' +
    '  }\n' +
    '}'
}
[2026-02-25T12:41:30.800] [INFO] devops-prov.openclient - Status code:  200
[2026-02-25T12:41:30.800] [INFO] devops-prov.openclient - Body:  {
  "versions" : {
    "items" : [ {
      "accountId" : "act_B-M-1YX7F48",
      "contractId" : "ctr_M-1YX7F61",
      "assetId" : "aid_11120979",
      "groupId" : "grp_93068",
      "propertyId" : "prp_884804",
      "propertyName" : "ew.grinwis.com",
      "propertyVersion" : 244,
      "updatedByUser" : "jgrinwis",
      "updatedDate" : "2026-02-25T11:34:42Z",
      "productionStatus" : "INACTIVE",
      "stagingStatus" : "ACTIVE"
    }, {
      "accountId" : "act_B-M-1YX7F48",
      "contractId" : "ctr_M-1YX7F61",
      "assetId" : "aid_11120979",
      "groupId" : "grp_93068",
      "propertyId" : "prp_884804",
      "propertyName" : "ew.grinwis.com",
      "propertyVersion" : 220,
      "updatedByUser" : "jgrinwis",
      "updatedDate" : "2025-10-09T13:01:21Z",
      "productionStatus" : "ACTIVE",
      "stagingStatus" : "DEACTIVATED"
    }, {
      "accountId" : "act_B-M-1YX7F48",
      "contractId" : "ctr_M-1YX7F61",
      "assetId" : "aid_11120979",
      "groupId" : "grp_93068",
      "propertyId" : "prp_884804",
      "propertyName" : "ew.grinwis.com",
      "propertyVersion" : 245,
      "updatedByUser" : "jgrinwis",
      "updatedDate" : "2026-02-25T11:41:22Z",
      "productionStatus" : "INACTIVE",
      "stagingStatus" : "INACTIVE"
    } ]
  }
}
[2026-02-25T12:41:30.801] [INFO] devops-prov.openclient - Requesting: GET /papi/v1/properties/884804/versions/latest
[2026-02-25T12:41:30.801] [INFO] devops-prov.edgegrid.auth - Unsigned authorization header: EG1-HMAC-SHA256 client_token=akab-bic72rx3kwi5am6u-qq65syz63kvrxkl5;access_token=akab-hy2fi6sv4apv2ht2-pgik3gwxxsfupvzr;timestamp=20260225T11:41:30+0000;nonce=f36671f4-9088-4132-a96a-d77031d98362;

[2026-02-25T12:41:30.801] [INFO] devops-prov.edgegrid.helpers - Body is ""
[2026-02-25T12:41:30.801] [DEBUG] devops-prov.edgegrid.helpers - PREPARED BODY LENGTH 0
[2026-02-25T12:41:30.801] [INFO] devops-prov.edgegrid.helpers - Data to sign: "GET	https	akab-jdn2ct6ewvfefhhb-csofinvorrtwiu5w.luna.akamaiapis.net	/papi/v1/properties/884804/versions/latest?accountSwitchKey=B-M-1YX7F48:1-8BYUX			EG1-HMAC-SHA256 client_token=akab-bic72rx3kwi5am6u-qq65syz63kvrxkl5;access_token=akab-hy2fi6sv4apv2ht2-pgik3gwxxsfupvzr;timestamp=20260225T11:41:30+0000;nonce=f36671f4-9088-4132-a96a-d77031d98362;" 

[2026-02-25T12:41:30.801] [INFO] devops-prov.edgegrid.helpers - Signing key: 5QXrlpD/sUl9wrH2WZIpI6RIwPxJQZ1TrVXmUiMgk0Y=

[2026-02-25T12:41:30.801] [INFO] devops-prov.edgegrid.auth - Signed authorization header: EG1-HMAC-SHA256 client_token=akab-bic72rx3kwi5am6u-qq65syz63kvrxkl5;access_token=akab-hy2fi6sv4apv2ht2-pgik3gwxxsfupvzr;timestamp=20260225T11:41:30+0000;nonce=f36671f4-9088-4132-a96a-d77031d98362;signature=j2sBrIAgcCSk6ahl+YjbrqdJz26V9cn6whGMOxrFRok=

[2026-02-25T12:41:30.802] [INFO] devops-prov.edgegrid - request {
  debugId: 2,
  uri: 'https://akab-jdn2ct6ewvfefhhb-csofinvorrtwiu5w.luna.akamaiapis.net/papi/v1/properties/884804/versions/latest?accountSwitchKey=B-M-1YX7F48:1-8BYUX',
  method: 'GET',
  headers: {
    'X-User-Agent': 'Akamai-PD; Version=0.7.8-RELEASE;pm-cli;',
    'User-Agent': 'Akamai-PD; Version=0.7.8-RELEASE;pm-cli;',
    Authorization: 'EG1-HMAC-SHA256 client_token=akab-bic72rx3kwi5am6u-qq65syz63kvrxkl5;access_token=akab-hy2fi6sv4apv2ht2-pgik3gwxxsfupvzr;timestamp=20260225T11:41:30+0000;nonce=f36671f4-9088-4132-a96a-d77031d98362;signature=j2sBrIAgcCSk6ahl+YjbrqdJz26V9cn6whGMOxrFRok=',
    host: 'akab-jdn2ct6ewvfefhhb-csofinvorrtwiu5w.luna.akamaiapis.net'
  }
}
[2026-02-25T12:41:31.235] [INFO] devops-prov.edgegrid - response {
  debugId: 2,
  headers: {
    'content-type': 'application/json',
    'x-trace-id': 'd56d15770c01a6a5',
    'x-ids-session-id': '26206951-9974-454f-8d9b-78965ed76e2a, 26206951-9974-454f-8d9b-78965ed76e2a',
    'x-ratelimit-limit': '2500',
    'x-ratelimit-remaining': '2441',
    location: 'https://akab-jdn2ct6ewvfefhhb-csofinvorrtwiu5w.luna.akamaiapis.net/papi/v1/properties/prp_884804/versions/245?accountSwitchKey=B-M-1YX7F48%3A1-8BYUX',
    vary: 'accept-encoding',
    'papi-cache-status': 'CACHE_MISS',
    'strict-transport-security': 'max-age=31536000; includeSubDomains',
    'content-length': '106',
    date: 'Wed, 25 Feb 2026 11:41:31 GMT',
    connection: 'keep-alive'
  },
  statusCode: 302,
  body: '{\n' +
    '  "versionLink" : "/papi/v1/properties/prp_884804/versions/245?accountSwitchKey=B-M-1YX7F48%3A1-8BYUX"\n' +
    '}'
}
[2026-02-25T12:41:31.236] [INFO] devops-prov.edgegrid.auth - Unsigned authorization header: EG1-HMAC-SHA256 client_token=akab-bic72rx3kwi5am6u-qq65syz63kvrxkl5;access_token=akab-hy2fi6sv4apv2ht2-pgik3gwxxsfupvzr;timestamp=20260225T11:41:31+0000;nonce=216f5f26-5165-466e-9176-4556f6972425;

[2026-02-25T12:41:31.236] [INFO] devops-prov.edgegrid.helpers - Body is ""
[2026-02-25T12:41:31.236] [DEBUG] devops-prov.edgegrid.helpers - PREPARED BODY LENGTH 0
[2026-02-25T12:41:31.236] [INFO] devops-prov.edgegrid.helpers - Data to sign: "GET	https	akab-jdn2ct6ewvfefhhb-csofinvorrtwiu5w.luna.akamaiapis.net	/papi/v1/properties/prp_884804/versions/245?accountSwitchKey=B-M-1YX7F48%3A1-8BYUX			EG1-HMAC-SHA256 client_token=akab-bic72rx3kwi5am6u-qq65syz63kvrxkl5;access_token=akab-hy2fi6sv4apv2ht2-pgik3gwxxsfupvzr;timestamp=20260225T11:41:31+0000;nonce=216f5f26-5165-466e-9176-4556f6972425;" 

[2026-02-25T12:41:31.236] [INFO] devops-prov.edgegrid.helpers - Signing key: 8tPiJdejqc/KmOayykbT11TO7MHF7Mmj9tSG7sjQhlo=

[2026-02-25T12:41:31.236] [INFO] devops-prov.edgegrid.auth - Signed authorization header: EG1-HMAC-SHA256 client_token=akab-bic72rx3kwi5am6u-qq65syz63kvrxkl5;access_token=akab-hy2fi6sv4apv2ht2-pgik3gwxxsfupvzr;timestamp=20260225T11:41:31+0000;nonce=216f5f26-5165-466e-9176-4556f6972425;signature=ficn2HdA9BpXwSIJslMdXZLaljUPOtdAHqkDewTA/rM=

[2026-02-25T12:41:31.236] [INFO] devops-prov.edgegrid - request {
  debugId: 3,
  uri: 'https://akab-jdn2ct6ewvfefhhb-csofinvorrtwiu5w.luna.akamaiapis.net/papi/v1/properties/prp_884804/versions/245?accountSwitchKey=B-M-1YX7F48%3A1-8BYUX',
  method: 'GET',
  headers: {
    'X-User-Agent': 'Akamai-PD; Version=0.7.8-RELEASE;pm-cli;',
    'User-Agent': 'Akamai-PD; Version=0.7.8-RELEASE;pm-cli;',
    Authorization: 'EG1-HMAC-SHA256 client_token=akab-bic72rx3kwi5am6u-qq65syz63kvrxkl5;access_token=akab-hy2fi6sv4apv2ht2-pgik3gwxxsfupvzr;timestamp=20260225T11:41:31+0000;nonce=216f5f26-5165-466e-9176-4556f6972425;signature=ficn2HdA9BpXwSIJslMdXZLaljUPOtdAHqkDewTA/rM=',
    host: 'akab-jdn2ct6ewvfefhhb-csofinvorrtwiu5w.luna.akamaiapis.net'
  }
}
[2026-02-25T12:41:31.456] [INFO] devops-prov.edgegrid - response {
  debugId: 3,
  headers: {
    'content-type': 'application/json',
    'x-trace-id': '1027a45bf1df8365',
    'x-ids-session-id': 'c363c792-9aa4-47e9-a66d-0ff8228ee102, c363c792-9aa4-47e9-a66d-0ff8228ee102',
    'x-ratelimit-limit': '2500',
    'x-ratelimit-remaining': '2437',
    location: 'https://akab-jdn2ct6ewvfefhhb-csofinvorrtwiu5w.luna.akamaiapis.net/papi/v1/properties/884804/versions/245?groupId=93068&contractId=M-1YX7F61&accountSwitchKey=B-M-1YX7F48%3A1-8BYUX',
    vary: 'accept-encoding',
    'papi-cache-status': 'CACHE_MISS',
    'strict-transport-security': 'max-age=31536000; includeSubDomains',
    'content-length': '138',
    date: 'Wed, 25 Feb 2026 11:41:31 GMT',
    connection: 'keep-alive'
  },
  statusCode: 302,
  body: '{\n' +
    '  "redirectLink" : "/papi/v1/properties/884804/versions/245?groupId=93068&contractId=M-1YX7F61&accountSwitchKey=B-M-1YX7F48%3A1-8BYUX"\n' +
    '}'
}
[2026-02-25T12:41:31.457] [INFO] devops-prov.edgegrid.auth - Unsigned authorization header: EG1-HMAC-SHA256 client_token=akab-bic72rx3kwi5am6u-qq65syz63kvrxkl5;access_token=akab-hy2fi6sv4apv2ht2-pgik3gwxxsfupvzr;timestamp=20260225T11:41:31+0000;nonce=cf5998b1-8767-4a6d-ad63-f5139e123e0c;

[2026-02-25T12:41:31.458] [INFO] devops-prov.edgegrid.helpers - Body is ""
[2026-02-25T12:41:31.458] [DEBUG] devops-prov.edgegrid.helpers - PREPARED BODY LENGTH 0
[2026-02-25T12:41:31.458] [INFO] devops-prov.edgegrid.helpers - Data to sign: "GET	https	akab-jdn2ct6ewvfefhhb-csofinvorrtwiu5w.luna.akamaiapis.net	/papi/v1/properties/884804/versions/245?groupId=93068&contractId=M-1YX7F61&accountSwitchKey=B-M-1YX7F48%3A1-8BYUX			EG1-HMAC-SHA256 client_token=akab-bic72rx3kwi5am6u-qq65syz63kvrxkl5;access_token=akab-hy2fi6sv4apv2ht2-pgik3gwxxsfupvzr;timestamp=20260225T11:41:31+0000;nonce=cf5998b1-8767-4a6d-ad63-f5139e123e0c;" 

[2026-02-25T12:41:31.458] [INFO] devops-prov.edgegrid.helpers - Signing key: 8tPiJdejqc/KmOayykbT11TO7MHF7Mmj9tSG7sjQhlo=

[2026-02-25T12:41:31.458] [INFO] devops-prov.edgegrid.auth - Signed authorization header: EG1-HMAC-SHA256 client_token=akab-bic72rx3kwi5am6u-qq65syz63kvrxkl5;access_token=akab-hy2fi6sv4apv2ht2-pgik3gwxxsfupvzr;timestamp=20260225T11:41:31+0000;nonce=cf5998b1-8767-4a6d-ad63-f5139e123e0c;signature=ARY1cG08mUqHf2WrN1J3F253domMXCLDDEdV5j/Ck4E=

[2026-02-25T12:41:31.459] [INFO] devops-prov.edgegrid - request {
  debugId: 4,
  uri: 'https://akab-jdn2ct6ewvfefhhb-csofinvorrtwiu5w.luna.akamaiapis.net/papi/v1/properties/884804/versions/245?groupId=93068&contractId=M-1YX7F61&accountSwitchKey=B-M-1YX7F48%3A1-8BYUX',
  method: 'GET',
  headers: {
    'X-User-Agent': 'Akamai-PD; Version=0.7.8-RELEASE;pm-cli;',
    'User-Agent': 'Akamai-PD; Version=0.7.8-RELEASE;pm-cli;',
    Authorization: 'EG1-HMAC-SHA256 client_token=akab-bic72rx3kwi5am6u-qq65syz63kvrxkl5;access_token=akab-hy2fi6sv4apv2ht2-pgik3gwxxsfupvzr;timestamp=20260225T11:41:31+0000;nonce=cf5998b1-8767-4a6d-ad63-f5139e123e0c;signature=ARY1cG08mUqHf2WrN1J3F253domMXCLDDEdV5j/Ck4E=',
    host: 'akab-jdn2ct6ewvfefhhb-csofinvorrtwiu5w.luna.akamaiapis.net'
  }
}
[2026-02-25T12:41:32.090] [INFO] devops-prov.edgegrid - response {
  debugId: 4,
  headers: {
    'content-type': 'application/json',
    'x-trace-id': 'dd06976acf2ee5e4',
    'x-ids-session-id': 'd7258f49-297e-4c3b-bfae-8c16d61dbf8f, d7258f49-297e-4c3b-bfae-8c16d61dbf8f',
    'x-ratelimit-limit': '2500',
    'x-ratelimit-remaining': '2434',
    vary: 'accept,accept-encoding',
    'cache-control': 'no-store',
    'papi-cache-status': 'CACHE_MISS',
    'strict-transport-security': 'max-age=31536000; includeSubDomains',
    'content-length': '559',
    date: 'Wed, 25 Feb 2026 11:41:31 GMT',
    connection: 'keep-alive'
  },
  statusCode: 200,
  body: '{\n' +
    '  "propertyId" : "prp_884804",\n' +
    '  "propertyName" : "ew.grinwis.com",\n' +
    '  "accountId" : "act_B-M-1YX7F48",\n' +
    '  "contractId" : "ctr_M-1YX7F61",\n' +
    '  "groupId" : "grp_93068",\n' +
    '  "assetId" : "aid_11120979",\n' +
    '  "versions" : {\n' +
    '    "items" : [ {\n' +
    '      "propertyVersion" : 245,\n' +
    '      "updatedByUser" : "jgrinwis",\n' +
    '      "updatedDate" : "2026-02-25T11:41:22Z",\n' +
    '      "productionStatus" : "INACTIVE",\n' +
    '      "stagingStatus" : "INACTIVE",\n' +
    '      "etag" : "c2e988e394e5d6de594b73ca64c746bcc5f24ae2",\n' +
    '      "productId" : "prd_Site_Accel",\n' +
    '      "ruleFormat" : "latest"\n' +
    '    } ]\n' +
    '  }\n' +
    '}'
}
[2026-02-25T12:41:32.092] [INFO] devops-prov.openclient - Status code:  200
[2026-02-25T12:41:32.092] [INFO] devops-prov.openclient - Body:  {
  "propertyId" : "prp_884804",
  "propertyName" : "ew.grinwis.com",
  "accountId" : "act_B-M-1YX7F48",
  "contractId" : "ctr_M-1YX7F61",
  "groupId" : "grp_93068",
  "assetId" : "aid_11120979",
  "versions" : {
    "items" : [ {
      "propertyVersion" : 245,
      "updatedByUser" : "jgrinwis",
      "updatedDate" : "2026-02-25T11:41:22Z",
      "productionStatus" : "INACTIVE",
      "stagingStatus" : "INACTIVE",
      "etag" : "c2e988e394e5d6de594b73ca64c746bcc5f24ae2",
      "productId" : "prd_Site_Accel",
      "ruleFormat" : "latest"
    } ]
  }
}
[2026-02-25T12:41:32.093] [INFO] devops-prov.openclient - Requesting: POST /papi/v1/properties/prp_884804/activations
[2026-02-25T12:41:32.096] [INFO] devops-prov.edgegrid.auth - Unsigned authorization header: EG1-HMAC-SHA256 client_token=akab-bic72rx3kwi5am6u-qq65syz63kvrxkl5;access_token=akab-hy2fi6sv4apv2ht2-pgik3gwxxsfupvzr;timestamp=20260225T11:41:32+0000;nonce=2dc42e45-f474-41a6-a9da-d4e0ea13b49a;

[2026-02-25T12:41:32.096] [INFO] devops-prov.edgegrid.helpers - Body is "{"propertyVersion":245,"network":"STAGING","note":"Property Manager CLI Activation","notifyEmails":["noreply@akamai.com"],"acknowledgeAllWarnings":true,"activationType":"ACTIVATE","complianceRecord":{"noncomplianceReason":"NO_PRODUCTION_TRAFFIC"}}"
[2026-02-25T12:41:32.096] [DEBUG] devops-prov.edgegrid.helpers - PREPARED BODY LENGTH 247
[2026-02-25T12:41:32.096] [INFO] devops-prov.edgegrid.helpers - Signing content: "{"propertyVersion":245,"network":"STAGING","note":"Property Manager CLI Activation","notifyEmails":["noreply@akamai.com"],"acknowledgeAllWarnings":true,"activationType":"ACTIVATE","complianceRecord":{"noncomplianceReason":"NO_PRODUCTION_TRAFFIC"}}"
[2026-02-25T12:41:32.096] [DEBUG] devops-prov.edgegrid.helpers - PREPARED BODY {"propertyVersion":245,"network":"STAGING","note":"Property Manager CLI Activation","notifyEmails":["noreply@akamai.com"],"acknowledgeAllWarnings":true,"activationType":"ACTIVATE","complianceRecord":{"noncomplianceReason":"NO_PRODUCTION_TRAFFIC"}}
[2026-02-25T12:41:32.096] [INFO] devops-prov.edgegrid.helpers - Content hash is "pBd3hXB0RmajCytwG9eZnPRXaj5kKAPfaaFbCq38MsA="
[2026-02-25T12:41:32.096] [INFO] devops-prov.edgegrid.helpers - Data to sign: "POST	https	akab-jdn2ct6ewvfefhhb-csofinvorrtwiu5w.luna.akamaiapis.net	/papi/v1/properties/prp_884804/activations?accountSwitchKey=B-M-1YX7F48:1-8BYUX		pBd3hXB0RmajCytwG9eZnPRXaj5kKAPfaaFbCq38MsA=	EG1-HMAC-SHA256 client_token=akab-bic72rx3kwi5am6u-qq65syz63kvrxkl5;access_token=akab-hy2fi6sv4apv2ht2-pgik3gwxxsfupvzr;timestamp=20260225T11:41:32+0000;nonce=2dc42e45-f474-41a6-a9da-d4e0ea13b49a;" 

[2026-02-25T12:41:32.097] [INFO] devops-prov.edgegrid.helpers - Signing key: 2UkvbXvrMDR/v3jyEPseFaX5VD5io/PRdCNrUH8XZDg=

[2026-02-25T12:41:32.101] [INFO] devops-prov.edgegrid.auth - Signed authorization header: EG1-HMAC-SHA256 client_token=akab-bic72rx3kwi5am6u-qq65syz63kvrxkl5;access_token=akab-hy2fi6sv4apv2ht2-pgik3gwxxsfupvzr;timestamp=20260225T11:41:32+0000;nonce=2dc42e45-f474-41a6-a9da-d4e0ea13b49a;signature=/mm6vaphrAsSMUttwCuazGwDypT1pcHSYtT0msOsc80=

[2026-02-25T12:41:32.102] [INFO] devops-prov.edgegrid - request {
  debugId: 5,
  uri: 'https://akab-jdn2ct6ewvfefhhb-csofinvorrtwiu5w.luna.akamaiapis.net/papi/v1/properties/prp_884804/activations?accountSwitchKey=B-M-1YX7F48:1-8BYUX',
  method: 'POST',
  headers: {
    'X-User-Agent': 'Akamai-PD; Version=0.7.8-RELEASE;pm-cli;',
    'User-Agent': 'Akamai-PD; Version=0.7.8-RELEASE;pm-cli;',
    'Content-Type': 'application/json',
    Authorization: 'EG1-HMAC-SHA256 client_token=akab-bic72rx3kwi5am6u-qq65syz63kvrxkl5;access_token=akab-hy2fi6sv4apv2ht2-pgik3gwxxsfupvzr;timestamp=20260225T11:41:32+0000;nonce=2dc42e45-f474-41a6-a9da-d4e0ea13b49a;signature=/mm6vaphrAsSMUttwCuazGwDypT1pcHSYtT0msOsc80=',
    host: 'akab-jdn2ct6ewvfefhhb-csofinvorrtwiu5w.luna.akamaiapis.net',
    'content-length': 247
  },
  body: '{"propertyVersion":245,"network":"STAGING","note":"Property Manager CLI Activation","notifyEmails":["noreply@akamai.com"],"acknowledgeAllWarnings":true,"activationType":"ACTIVATE","complianceRecord":{"noncomplianceReason":"NO_PRODUCTION_TRAFFIC"}}'
}
[2026-02-25T12:41:59.526] [INFO] devops-prov.edgegrid - response {
  debugId: 5,
  headers: {
    'content-type': 'application/json',
    'x-trace-id': '82d040e4fbbe2cbd',
    'x-ids-session-id': 'd7258f49-297e-4c3b-bfae-8c16d61dbf8f, d7258f49-297e-4c3b-bfae-8c16d61dbf8f',
    'x-ratelimit-limit': '2500',
    'x-ratelimit-remaining': '2432',
    location: 'https://akab-jdn2ct6ewvfefhhb-csofinvorrtwiu5w.luna.akamaiapis.net/papi/v1/properties/prp_884804/activations/atv_19144296?accountSwitchKey=B-M-1YX7F48%3A1-8BYUX',
    'x-ratelimit-activations-limit': '500',
    'x-ratelimit-activations-remaining': '496',
    'x-ratelimit-activations-reset': '2026-02-25T19:35:55Z',
    vary: 'accept-encoding',
    'papi-cache-status': 'CACHE_MISS',
    'strict-transport-security': 'max-age=31536000; includeSubDomains',
    'content-length': '121',
    date: 'Wed, 25 Feb 2026 11:41:59 GMT',
    connection: 'keep-alive'
  },
  statusCode: 201,
  body: '{\n' +
    '  "activationLink" : "/papi/v1/properties/prp_884804/activations/atv_19144296?accountSwitchKey=B-M-1YX7F48%3A1-8BYUX"\n' +
    '}'
}
[2026-02-25T12:41:59.527] [INFO] devops-prov.openclient - Status code:  201
[2026-02-25T12:41:59.527] [INFO] devops-prov.openclient - Body:  {
  "activationLink" : "/papi/v1/properties/prp_884804/activations/atv_19144296?accountSwitchKey=B-M-1YX7F48%3A1-8BYUX"
}
[2026-02-25T12:41:59.528] [INFO] devops-prov.envionment - activation regex results:  [
  '/papi/v1/properties/prp_884804/activations/atv_19144296',
  'prp_',
  'atv_',
  '19144296',
  index: 0,
  input: '/papi/v1/properties/prp_884804/activations/atv_19144296?accountSwitchKey=B-M-1YX7F48%3A1-8BYUX',
  groups: undefined
]
[2026-07-21T17:05:06.529] [INFO] devops-prov.factory - Switching account key to: 'B-M-1YX7F48:1-8BYUX'
[2026-07-21T17:05:06.530] [INFO] devops-prov.factory - Switching account key to: 'B-M-1YX7F48:1-8BYUX'
[2026-07-21T17:05:06.530] [INFO] devops-prov.factory - Using credentials file: '/Users/jgrinwis/.edgerc', section: 'gss'
[2026-07-21T17:05:06.530] [INFO] devops-prov - Settings file:  {
  devopsHome: '/Users/jgrinwis/Projects/netlify',
  outputFormat: 'table',
  accountSwitchKey: 'B-M-1YX7F48:1-8BYUX',
  edgeGridConfig: { path: '/Users/jgrinwis/.edgerc', section: 'gss' }
}
[2026-07-21T17:05:06.530] [INFO] devops-prov - emails for activation:  Set(1) { 'noreply@akamai.com' }
[2026-07-21T17:05:06.530] [INFO] devops-prov.factory - need to create papi
[2026-07-21T17:05:06.531] [INFO] devops-prov.openclient - Requesting: POST /papi/v1/search/find-by-value
[2026-07-21T17:05:06.533] [INFO] devops-prov.edgegrid.auth - Unsigned authorization header: EG1-HMAC-SHA256 client_token=akab-6mqts5mvn4yuys3x-53z5xvkgyiwro3di;access_token=akab-hy2fi6sv4apv2ht2-pgik3gwxxsfupvzr;timestamp=20260721T15:05:06+0000;nonce=2d450bab-50fb-46fe-b513-570a97949217;

[2026-07-21T17:05:06.533] [INFO] devops-prov.edgegrid.helpers - Body is "{"propertyName":"ew.grinwis.com"}"
[2026-07-21T17:05:06.533] [DEBUG] devops-prov.edgegrid.helpers - PREPARED BODY LENGTH 33
[2026-07-21T17:05:06.533] [INFO] devops-prov.edgegrid.helpers - Signing content: "{"propertyName":"ew.grinwis.com"}"
[2026-07-21T17:05:06.533] [DEBUG] devops-prov.edgegrid.helpers - PREPARED BODY {"propertyName":"ew.grinwis.com"}
[2026-07-21T17:05:06.534] [INFO] devops-prov.edgegrid.helpers - Content hash is "g+raTcFwK/dEt4fLwXuXr5XyaXIAB9AdjzlGbmorcnA="
[2026-07-21T17:05:06.535] [INFO] devops-prov.edgegrid.helpers - Data to sign: "POST	https	akab-jdn2ct6ewvfefhhb-csofinvorrtwiu5w.luna.akamaiapis.net	/papi/v1/search/find-by-value?accountSwitchKey=B-M-1YX7F48:1-8BYUX		g+raTcFwK/dEt4fLwXuXr5XyaXIAB9AdjzlGbmorcnA=	EG1-HMAC-SHA256 client_token=akab-6mqts5mvn4yuys3x-53z5xvkgyiwro3di;access_token=akab-hy2fi6sv4apv2ht2-pgik3gwxxsfupvzr;timestamp=20260721T15:05:06+0000;nonce=2d450bab-50fb-46fe-b513-570a97949217;" 

[2026-07-21T17:05:06.535] [INFO] devops-prov.edgegrid.helpers - Signing key: Ah+Ox4P+sbE7ELE830IRkqiqz5sVw+9+08p6JNMyQzc=

[2026-07-21T17:05:06.535] [INFO] devops-prov.edgegrid.auth - Signed authorization header: EG1-HMAC-SHA256 client_token=akab-6mqts5mvn4yuys3x-53z5xvkgyiwro3di;access_token=akab-hy2fi6sv4apv2ht2-pgik3gwxxsfupvzr;timestamp=20260721T15:05:06+0000;nonce=2d450bab-50fb-46fe-b513-570a97949217;signature=DChs5N7OEsTDjdGsLxd89kPBdPh897XjzUMejcQdS4c=

[2026-07-21T17:05:06.559] [INFO] devops-prov.edgegrid - request {
  debugId: 1,
  uri: 'https://akab-jdn2ct6ewvfefhhb-csofinvorrtwiu5w.luna.akamaiapis.net/papi/v1/search/find-by-value?accountSwitchKey=B-M-1YX7F48:1-8BYUX',
  method: 'POST',
  headers: {
    'X-User-Agent': 'Akamai-PD; Version=0.7.8-RELEASE;pm-cli;',
    'User-Agent': 'Akamai-PD; Version=0.7.8-RELEASE;pm-cli;',
    'Content-Type': 'application/json',
    Authorization: 'EG1-HMAC-SHA256 client_token=akab-6mqts5mvn4yuys3x-53z5xvkgyiwro3di;access_token=akab-hy2fi6sv4apv2ht2-pgik3gwxxsfupvzr;timestamp=20260721T15:05:06+0000;nonce=2d450bab-50fb-46fe-b513-570a97949217;signature=DChs5N7OEsTDjdGsLxd89kPBdPh897XjzUMejcQdS4c=',
    host: 'akab-jdn2ct6ewvfefhhb-csofinvorrtwiu5w.luna.akamaiapis.net',
    'content-length': 33
  },
  body: '{"propertyName":"ew.grinwis.com"}'
}
[2026-07-21T17:05:07.703] [INFO] devops-prov.edgegrid - response {
  debugId: 1,
  headers: {
    'content-type': 'application/json',
    'x-trace-id': '8240a2eb9eb81690',
    'x-ids-session-id': '4086fe1c-b8eb-4488-aace-cb61dee7591a, 4086fe1c-b8eb-4488-aace-cb61dee7591a',
    'x-ratelimit-limit': '5000',
    'x-ratelimit-remaining': '4972',
    vary: 'accept-encoding',
    'papi-cache-status': 'CACHE_MISS',
    'strict-transport-security': 'max-age=31536000; includeSubDomains',
    'content-length': '1282',
    date: 'Tue, 21 Jul 2026 15:05:07 GMT',
    connection: 'close'
  },
  statusCode: 200,
  body: '{\n' +
    '  "versions" : {\n' +
    '    "items" : [ {\n' +
    '      "accountId" : "act_B-M-1YX7F48",\n' +
    '      "contractId" : "ctr_M-1YX7F61",\n' +
    '      "assetId" : "aid_11120979",\n' +
    '      "groupId" : "grp_93068",\n' +
    '      "propertyId" : "prp_884804",\n' +
    '      "propertyName" : "ew.grinwis.com",\n' +
    '      "propertyVersion" : 269,\n' +
    '      "updatedByUser" : "jgrinwis",\n' +
    '      "updatedDate" : "2026-07-21T15:04:54Z",\n' +
    '      "productionStatus" : "INACTIVE",\n' +
    '      "stagingStatus" : "INACTIVE"\n' +
    '    }, {\n' +
    '      "accountId" : "act_B-M-1YX7F48",\n' +
    '      "contractId" : "ctr_M-1YX7F61",\n' +
    '      "assetId" : "aid_11120979",\n' +
    '      "groupId" : "grp_93068",\n' +
    '      "propertyId" : "prp_884804",\n' +
    '      "propertyName" : "ew.grinwis.com",\n' +
    '      "propertyVersion" : 220,\n' +
    '      "updatedByUser" : "jgrinwis",\n' +
    '      "updatedDate" : "2025-10-09T13:01:21Z",\n' +
    '      "productionStatus" : "ACTIVE",\n' +
    '      "stagingStatus" : "DEACTIVATED"\n' +
    '    }, {\n' +
    '      "accountId" : "act_B-M-1YX7F48",\n' +
    '      "contractId" : "ctr_M-1YX7F61",\n' +
    '      "assetId" : "aid_11120979",\n' +
    '      "groupId" : "grp_93068",\n' +
    '      "propertyId" : "prp_884804",\n' +
    '      "propertyName" : "ew.grinwis.com",\n' +
    '      "propertyVersion" : 268,\n' +
    '      "updatedByUser" : "jgrinwis",\n' +
    '      "updatedDate" : "2026-07-21T14:56:20Z",\n' +
    '      "productionStatus" : "INACTIVE",\n' +
    '      "stagingStatus" : "ACTIVE"\n' +
    '    } ]\n' +
    '  }\n' +
    '}'
}
[2026-07-21T17:05:07.703] [INFO] devops-prov.openclient - Status code:  200
[2026-07-21T17:05:07.703] [INFO] devops-prov.openclient - Body:  {
  "versions" : {
    "items" : [ {
      "accountId" : "act_B-M-1YX7F48",
      "contractId" : "ctr_M-1YX7F61",
      "assetId" : "aid_11120979",
      "groupId" : "grp_93068",
      "propertyId" : "prp_884804",
      "propertyName" : "ew.grinwis.com",
      "propertyVersion" : 269,
      "updatedByUser" : "jgrinwis",
      "updatedDate" : "2026-07-21T15:04:54Z",
      "productionStatus" : "INACTIVE",
      "stagingStatus" : "INACTIVE"
    }, {
      "accountId" : "act_B-M-1YX7F48",
      "contractId" : "ctr_M-1YX7F61",
      "assetId" : "aid_11120979",
      "groupId" : "grp_93068",
      "propertyId" : "prp_884804",
      "propertyName" : "ew.grinwis.com",
      "propertyVersion" : 220,
      "updatedByUser" : "jgrinwis",
      "updatedDate" : "2025-10-09T13:01:21Z",
      "productionStatus" : "ACTIVE",
      "stagingStatus" : "DEACTIVATED"
    }, {
      "accountId" : "act_B-M-1YX7F48",
      "contractId" : "ctr_M-1YX7F61",
      "assetId" : "aid_11120979",
      "groupId" : "grp_93068",
      "propertyId" : "prp_884804",
      "propertyName" : "ew.grinwis.com",
      "propertyVersion" : 268,
      "updatedByUser" : "jgrinwis",
      "updatedDate" : "2026-07-21T14:56:20Z",
      "productionStatus" : "INACTIVE",
      "stagingStatus" : "ACTIVE"
    } ]
  }
}
[2026-07-21T17:05:07.703] [INFO] devops-prov.openclient - Requesting: GET /papi/v1/properties/884804/versions/latest
[2026-07-21T17:05:07.704] [INFO] devops-prov.edgegrid.auth - Unsigned authorization header: EG1-HMAC-SHA256 client_token=akab-6mqts5mvn4yuys3x-53z5xvkgyiwro3di;access_token=akab-hy2fi6sv4apv2ht2-pgik3gwxxsfupvzr;timestamp=20260721T15:05:07+0000;nonce=0e6e489d-1d4f-4582-bc0a-007759e3f2e0;

[2026-07-21T17:05:07.704] [INFO] devops-prov.edgegrid.helpers - Body is ""
[2026-07-21T17:05:07.704] [DEBUG] devops-prov.edgegrid.helpers - PREPARED BODY LENGTH 0
[2026-07-21T17:05:07.704] [INFO] devops-prov.edgegrid.helpers - Data to sign: "GET	https	akab-jdn2ct6ewvfefhhb-csofinvorrtwiu5w.luna.akamaiapis.net	/papi/v1/properties/884804/versions/latest?accountSwitchKey=B-M-1YX7F48:1-8BYUX			EG1-HMAC-SHA256 client_token=akab-6mqts5mvn4yuys3x-53z5xvkgyiwro3di;access_token=akab-hy2fi6sv4apv2ht2-pgik3gwxxsfupvzr;timestamp=20260721T15:05:07+0000;nonce=0e6e489d-1d4f-4582-bc0a-007759e3f2e0;" 

[2026-07-21T17:05:07.704] [INFO] devops-prov.edgegrid.helpers - Signing key: PtrUxU43CQCyOldxrKWjLLpnTfN2jvGKBihrbECWAJw=

[2026-07-21T17:05:07.704] [INFO] devops-prov.edgegrid.auth - Signed authorization header: EG1-HMAC-SHA256 client_token=akab-6mqts5mvn4yuys3x-53z5xvkgyiwro3di;access_token=akab-hy2fi6sv4apv2ht2-pgik3gwxxsfupvzr;timestamp=20260721T15:05:07+0000;nonce=0e6e489d-1d4f-4582-bc0a-007759e3f2e0;signature=ynM7AFkmU35eaTcFCC0eNtaa1j9xohF1qsi4x2+64+Q=

[2026-07-21T17:05:07.705] [INFO] devops-prov.edgegrid - request {
  debugId: 2,
  uri: 'https://akab-jdn2ct6ewvfefhhb-csofinvorrtwiu5w.luna.akamaiapis.net/papi/v1/properties/884804/versions/latest?accountSwitchKey=B-M-1YX7F48:1-8BYUX',
  method: 'GET',
  headers: {
    'X-User-Agent': 'Akamai-PD; Version=0.7.8-RELEASE;pm-cli;',
    'User-Agent': 'Akamai-PD; Version=0.7.8-RELEASE;pm-cli;',
    Authorization: 'EG1-HMAC-SHA256 client_token=akab-6mqts5mvn4yuys3x-53z5xvkgyiwro3di;access_token=akab-hy2fi6sv4apv2ht2-pgik3gwxxsfupvzr;timestamp=20260721T15:05:07+0000;nonce=0e6e489d-1d4f-4582-bc0a-007759e3f2e0;signature=ynM7AFkmU35eaTcFCC0eNtaa1j9xohF1qsi4x2+64+Q=',
    host: 'akab-jdn2ct6ewvfefhhb-csofinvorrtwiu5w.luna.akamaiapis.net'
  }
}
[2026-07-21T17:05:09.327] [INFO] devops-prov.edgegrid - response {
  debugId: 2,
  headers: {
    'content-type': 'application/json',
    'x-trace-id': 'b5f549060edbb5fb',
    'x-ids-session-id': '5ec503cd-e73a-4347-8aac-4977b95ab2d9, 5ec503cd-e73a-4347-8aac-4977b95ab2d9',
    'x-ratelimit-limit': '5000',
    'x-ratelimit-remaining': '4971',
    location: 'https://akab-jdn2ct6ewvfefhhb-csofinvorrtwiu5w.luna.akamaiapis.net/papi/v1/properties/prp_884804/versions/269?accountSwitchKey=B-M-1YX7F48%3A1-8BYUX',
    vary: 'accept-encoding',
    'papi-cache-status': 'CACHE_MISS',
    'strict-transport-security': 'max-age=31536000; includeSubDomains',
    'content-length': '106',
    date: 'Tue, 21 Jul 2026 15:05:09 GMT',
    connection: 'keep-alive'
  },
  statusCode: 302,
  body: '{\n' +
    '  "versionLink" : "/papi/v1/properties/prp_884804/versions/269?accountSwitchKey=B-M-1YX7F48%3A1-8BYUX"\n' +
    '}'
}
[2026-07-21T17:05:09.328] [INFO] devops-prov.edgegrid.auth - Unsigned authorization header: EG1-HMAC-SHA256 client_token=akab-6mqts5mvn4yuys3x-53z5xvkgyiwro3di;access_token=akab-hy2fi6sv4apv2ht2-pgik3gwxxsfupvzr;timestamp=20260721T15:05:09+0000;nonce=7f79a956-d813-41fd-a95d-c4821694eea0;

[2026-07-21T17:05:09.328] [INFO] devops-prov.edgegrid.helpers - Body is ""
[2026-07-21T17:05:09.328] [DEBUG] devops-prov.edgegrid.helpers - PREPARED BODY LENGTH 0
[2026-07-21T17:05:09.328] [INFO] devops-prov.edgegrid.helpers - Data to sign: "GET	https	akab-jdn2ct6ewvfefhhb-csofinvorrtwiu5w.luna.akamaiapis.net	/papi/v1/properties/prp_884804/versions/269?accountSwitchKey=B-M-1YX7F48%3A1-8BYUX			EG1-HMAC-SHA256 client_token=akab-6mqts5mvn4yuys3x-53z5xvkgyiwro3di;access_token=akab-hy2fi6sv4apv2ht2-pgik3gwxxsfupvzr;timestamp=20260721T15:05:09+0000;nonce=7f79a956-d813-41fd-a95d-c4821694eea0;" 

[2026-07-21T17:05:09.328] [INFO] devops-prov.edgegrid.helpers - Signing key: AyJrM98++k3j2Dvr9SWg8Q3dmOGYA6EwpChtujl7Rnc=

[2026-07-21T17:05:09.328] [INFO] devops-prov.edgegrid.auth - Signed authorization header: EG1-HMAC-SHA256 client_token=akab-6mqts5mvn4yuys3x-53z5xvkgyiwro3di;access_token=akab-hy2fi6sv4apv2ht2-pgik3gwxxsfupvzr;timestamp=20260721T15:05:09+0000;nonce=7f79a956-d813-41fd-a95d-c4821694eea0;signature=09757J+FQyF1I1woqcy7Rjij8MQlfuFrMe6Dk128mVE=

[2026-07-21T17:05:09.330] [INFO] devops-prov.edgegrid - request {
  debugId: 3,
  uri: 'https://akab-jdn2ct6ewvfefhhb-csofinvorrtwiu5w.luna.akamaiapis.net/papi/v1/properties/prp_884804/versions/269?accountSwitchKey=B-M-1YX7F48%3A1-8BYUX',
  method: 'GET',
  headers: {
    'X-User-Agent': 'Akamai-PD; Version=0.7.8-RELEASE;pm-cli;',
    'User-Agent': 'Akamai-PD; Version=0.7.8-RELEASE;pm-cli;',
    Authorization: 'EG1-HMAC-SHA256 client_token=akab-6mqts5mvn4yuys3x-53z5xvkgyiwro3di;access_token=akab-hy2fi6sv4apv2ht2-pgik3gwxxsfupvzr;timestamp=20260721T15:05:09+0000;nonce=7f79a956-d813-41fd-a95d-c4821694eea0;signature=09757J+FQyF1I1woqcy7Rjij8MQlfuFrMe6Dk128mVE=',
    host: 'akab-jdn2ct6ewvfefhhb-csofinvorrtwiu5w.luna.akamaiapis.net'
  }
}
[2026-07-21T17:05:09.543] [INFO] devops-prov.edgegrid - response {
  debugId: 3,
  headers: {
    'content-type': 'application/json',
    'x-trace-id': '96d5ef0e4a3e79cf',
    'x-ids-session-id': '4086fe1c-b8eb-4488-aace-cb61dee7591a, 4086fe1c-b8eb-4488-aace-cb61dee7591a',
    'x-ratelimit-limit': '5000',
    'x-ratelimit-remaining': '4970',
    location: 'https://akab-jdn2ct6ewvfefhhb-csofinvorrtwiu5w.luna.akamaiapis.net/papi/v1/properties/884804/versions/269?groupId=93068&contractId=M-1YX7F61&accountSwitchKey=B-M-1YX7F48%3A1-8BYUX',
    vary: 'accept-encoding',
    'papi-cache-status': 'CACHE_MISS',
    'strict-transport-security': 'max-age=31536000; includeSubDomains',
    'content-length': '138',
    date: 'Tue, 21 Jul 2026 15:05:09 GMT',
    connection: 'keep-alive'
  },
  statusCode: 302,
  body: '{\n' +
    '  "redirectLink" : "/papi/v1/properties/884804/versions/269?groupId=93068&contractId=M-1YX7F61&accountSwitchKey=B-M-1YX7F48%3A1-8BYUX"\n' +
    '}'
}
[2026-07-21T17:05:09.544] [INFO] devops-prov.edgegrid.auth - Unsigned authorization header: EG1-HMAC-SHA256 client_token=akab-6mqts5mvn4yuys3x-53z5xvkgyiwro3di;access_token=akab-hy2fi6sv4apv2ht2-pgik3gwxxsfupvzr;timestamp=20260721T15:05:09+0000;nonce=3cb09878-5ae5-4c0d-b90c-e917d41df1ed;

[2026-07-21T17:05:09.544] [INFO] devops-prov.edgegrid.helpers - Body is ""
[2026-07-21T17:05:09.544] [DEBUG] devops-prov.edgegrid.helpers - PREPARED BODY LENGTH 0
[2026-07-21T17:05:09.544] [INFO] devops-prov.edgegrid.helpers - Data to sign: "GET	https	akab-jdn2ct6ewvfefhhb-csofinvorrtwiu5w.luna.akamaiapis.net	/papi/v1/properties/884804/versions/269?groupId=93068&contractId=M-1YX7F61&accountSwitchKey=B-M-1YX7F48%3A1-8BYUX			EG1-HMAC-SHA256 client_token=akab-6mqts5mvn4yuys3x-53z5xvkgyiwro3di;access_token=akab-hy2fi6sv4apv2ht2-pgik3gwxxsfupvzr;timestamp=20260721T15:05:09+0000;nonce=3cb09878-5ae5-4c0d-b90c-e917d41df1ed;" 

[2026-07-21T17:05:09.544] [INFO] devops-prov.edgegrid.helpers - Signing key: AyJrM98++k3j2Dvr9SWg8Q3dmOGYA6EwpChtujl7Rnc=

[2026-07-21T17:05:09.544] [INFO] devops-prov.edgegrid.auth - Signed authorization header: EG1-HMAC-SHA256 client_token=akab-6mqts5mvn4yuys3x-53z5xvkgyiwro3di;access_token=akab-hy2fi6sv4apv2ht2-pgik3gwxxsfupvzr;timestamp=20260721T15:05:09+0000;nonce=3cb09878-5ae5-4c0d-b90c-e917d41df1ed;signature=2SqiUrt3fT6O/kteIrGjsRbHHNv/xVifaJ+HsS3sqrw=

[2026-07-21T17:05:09.545] [INFO] devops-prov.edgegrid - request {
  debugId: 4,
  uri: 'https://akab-jdn2ct6ewvfefhhb-csofinvorrtwiu5w.luna.akamaiapis.net/papi/v1/properties/884804/versions/269?groupId=93068&contractId=M-1YX7F61&accountSwitchKey=B-M-1YX7F48%3A1-8BYUX',
  method: 'GET',
  headers: {
    'X-User-Agent': 'Akamai-PD; Version=0.7.8-RELEASE;pm-cli;',
    'User-Agent': 'Akamai-PD; Version=0.7.8-RELEASE;pm-cli;',
    Authorization: 'EG1-HMAC-SHA256 client_token=akab-6mqts5mvn4yuys3x-53z5xvkgyiwro3di;access_token=akab-hy2fi6sv4apv2ht2-pgik3gwxxsfupvzr;timestamp=20260721T15:05:09+0000;nonce=3cb09878-5ae5-4c0d-b90c-e917d41df1ed;signature=2SqiUrt3fT6O/kteIrGjsRbHHNv/xVifaJ+HsS3sqrw=',
    host: 'akab-jdn2ct6ewvfefhhb-csofinvorrtwiu5w.luna.akamaiapis.net'
  }
}
[2026-07-21T17:05:10.689] [INFO] devops-prov.edgegrid - response {
  debugId: 4,
  headers: {
    'content-type': 'application/json',
    'x-trace-id': 'e671d46a1697513b',
    'x-ids-session-id': 'b0149023-b7f2-470e-9e3d-8e1dd6500b2d, b0149023-b7f2-470e-9e3d-8e1dd6500b2d',
    'x-ratelimit-limit': '5000',
    'x-ratelimit-remaining': '4983',
    vary: 'accept,accept-encoding',
    'cache-control': 'no-store',
    'papi-cache-status': 'CACHE_MISS',
    'strict-transport-security': 'max-age=31536000; includeSubDomains',
    'content-length': '559',
    date: 'Tue, 21 Jul 2026 15:05:10 GMT',
    connection: 'keep-alive'
  },
  statusCode: 200,
  body: '{\n' +
    '  "propertyId" : "prp_884804",\n' +
    '  "propertyName" : "ew.grinwis.com",\n' +
    '  "accountId" : "act_B-M-1YX7F48",\n' +
    '  "contractId" : "ctr_M-1YX7F61",\n' +
    '  "groupId" : "grp_93068",\n' +
    '  "assetId" : "aid_11120979",\n' +
    '  "versions" : {\n' +
    '    "items" : [ {\n' +
    '      "propertyVersion" : 269,\n' +
    '      "updatedByUser" : "jgrinwis",\n' +
    '      "updatedDate" : "2026-07-21T15:04:54Z",\n' +
    '      "productionStatus" : "INACTIVE",\n' +
    '      "stagingStatus" : "INACTIVE",\n' +
    '      "etag" : "7aeef86727b745e40762727c87bbc23436d97438",\n' +
    '      "productId" : "prd_Site_Accel",\n' +
    '      "ruleFormat" : "latest"\n' +
    '    } ]\n' +
    '  }\n' +
    '}'
}
[2026-07-21T17:05:10.690] [INFO] devops-prov.openclient - Status code:  200
[2026-07-21T17:05:10.690] [INFO] devops-prov.openclient - Body:  {
  "propertyId" : "prp_884804",
  "propertyName" : "ew.grinwis.com",
  "accountId" : "act_B-M-1YX7F48",
  "contractId" : "ctr_M-1YX7F61",
  "groupId" : "grp_93068",
  "assetId" : "aid_11120979",
  "versions" : {
    "items" : [ {
      "propertyVersion" : 269,
      "updatedByUser" : "jgrinwis",
      "updatedDate" : "2026-07-21T15:04:54Z",
      "productionStatus" : "INACTIVE",
      "stagingStatus" : "INACTIVE",
      "etag" : "7aeef86727b745e40762727c87bbc23436d97438",
      "productId" : "prd_Site_Accel",
      "ruleFormat" : "latest"
    } ]
  }
}
[2026-07-21T17:05:10.691] [INFO] devops-prov.openclient - Requesting: POST /papi/v1/properties/prp_884804/activations
[2026-07-21T17:05:10.691] [INFO] devops-prov.edgegrid.auth - Unsigned authorization header: EG1-HMAC-SHA256 client_token=akab-6mqts5mvn4yuys3x-53z5xvkgyiwro3di;access_token=akab-hy2fi6sv4apv2ht2-pgik3gwxxsfupvzr;timestamp=20260721T15:05:10+0000;nonce=3dcb81f5-9f7d-4993-8c96-33de548a7615;

[2026-07-21T17:05:10.691] [INFO] devops-prov.edgegrid.helpers - Body is "{"propertyVersion":269,"network":"STAGING","note":"Property Manager CLI Activation","notifyEmails":["noreply@akamai.com"],"acknowledgeAllWarnings":true,"activationType":"ACTIVATE","complianceRecord":{"noncomplianceReason":"NO_PRODUCTION_TRAFFIC"}}"
[2026-07-21T17:05:10.691] [DEBUG] devops-prov.edgegrid.helpers - PREPARED BODY LENGTH 247
[2026-07-21T17:05:10.691] [INFO] devops-prov.edgegrid.helpers - Signing content: "{"propertyVersion":269,"network":"STAGING","note":"Property Manager CLI Activation","notifyEmails":["noreply@akamai.com"],"acknowledgeAllWarnings":true,"activationType":"ACTIVATE","complianceRecord":{"noncomplianceReason":"NO_PRODUCTION_TRAFFIC"}}"
[2026-07-21T17:05:10.691] [DEBUG] devops-prov.edgegrid.helpers - PREPARED BODY {"propertyVersion":269,"network":"STAGING","note":"Property Manager CLI Activation","notifyEmails":["noreply@akamai.com"],"acknowledgeAllWarnings":true,"activationType":"ACTIVATE","complianceRecord":{"noncomplianceReason":"NO_PRODUCTION_TRAFFIC"}}
[2026-07-21T17:05:10.691] [INFO] devops-prov.edgegrid.helpers - Content hash is "vIF5onLGd6uI+WOO6gnJm0YpjDGBD4W7S0fiSj0H5xo="
[2026-07-21T17:05:10.692] [INFO] devops-prov.edgegrid.helpers - Data to sign: "POST	https	akab-jdn2ct6ewvfefhhb-csofinvorrtwiu5w.luna.akamaiapis.net	/papi/v1/properties/prp_884804/activations?accountSwitchKey=B-M-1YX7F48:1-8BYUX		vIF5onLGd6uI+WOO6gnJm0YpjDGBD4W7S0fiSj0H5xo=	EG1-HMAC-SHA256 client_token=akab-6mqts5mvn4yuys3x-53z5xvkgyiwro3di;access_token=akab-hy2fi6sv4apv2ht2-pgik3gwxxsfupvzr;timestamp=20260721T15:05:10+0000;nonce=3dcb81f5-9f7d-4993-8c96-33de548a7615;" 

[2026-07-21T17:05:10.692] [INFO] devops-prov.edgegrid.helpers - Signing key: yCoPzUrVMC/7Q4dLW4gPoAoAE87pMA1ChS8ymcXpd/Q=

[2026-07-21T17:05:10.692] [INFO] devops-prov.edgegrid.auth - Signed authorization header: EG1-HMAC-SHA256 client_token=akab-6mqts5mvn4yuys3x-53z5xvkgyiwro3di;access_token=akab-hy2fi6sv4apv2ht2-pgik3gwxxsfupvzr;timestamp=20260721T15:05:10+0000;nonce=3dcb81f5-9f7d-4993-8c96-33de548a7615;signature=3u6QG0/ZnnUZFSGQuTroZQjNFiMAxhi4bpR1p4BxM4A=

[2026-07-21T17:05:10.693] [INFO] devops-prov.edgegrid - request {
  debugId: 5,
  uri: 'https://akab-jdn2ct6ewvfefhhb-csofinvorrtwiu5w.luna.akamaiapis.net/papi/v1/properties/prp_884804/activations?accountSwitchKey=B-M-1YX7F48:1-8BYUX',
  method: 'POST',
  headers: {
    'X-User-Agent': 'Akamai-PD; Version=0.7.8-RELEASE;pm-cli;',
    'User-Agent': 'Akamai-PD; Version=0.7.8-RELEASE;pm-cli;',
    'Content-Type': 'application/json',
    Authorization: 'EG1-HMAC-SHA256 client_token=akab-6mqts5mvn4yuys3x-53z5xvkgyiwro3di;access_token=akab-hy2fi6sv4apv2ht2-pgik3gwxxsfupvzr;timestamp=20260721T15:05:10+0000;nonce=3dcb81f5-9f7d-4993-8c96-33de548a7615;signature=3u6QG0/ZnnUZFSGQuTroZQjNFiMAxhi4bpR1p4BxM4A=',
    host: 'akab-jdn2ct6ewvfefhhb-csofinvorrtwiu5w.luna.akamaiapis.net',
    'content-length': 247
  },
  body: '{"propertyVersion":269,"network":"STAGING","note":"Property Manager CLI Activation","notifyEmails":["noreply@akamai.com"],"acknowledgeAllWarnings":true,"activationType":"ACTIVATE","complianceRecord":{"noncomplianceReason":"NO_PRODUCTION_TRAFFIC"}}'
}
[2026-07-21T17:05:25.580] [INFO] devops-prov.edgegrid - response {
  debugId: 5,
  headers: {
    'content-type': 'application/json',
    'x-trace-id': '25eef98046444d09',
    'x-ids-session-id': '4086fe1c-b8eb-4488-aace-cb61dee7591a, 4086fe1c-b8eb-4488-aace-cb61dee7591a',
    'x-ratelimit-limit': '5000',
    'x-ratelimit-remaining': '4969',
    location: 'https://akab-jdn2ct6ewvfefhhb-csofinvorrtwiu5w.luna.akamaiapis.net/papi/v1/properties/prp_884804/activations/atv_20150287?accountSwitchKey=B-M-1YX7F48%3A1-8BYUX',
    'x-ratelimit-activations-limit': '500',
    'x-ratelimit-activations-remaining': '497',
    'x-ratelimit-activations-reset': '2026-07-22T13:06:27Z',
    vary: 'accept-encoding',
    'papi-cache-status': 'CACHE_MISS',
    'strict-transport-security': 'max-age=31536000; includeSubDomains',
    'content-length': '121',
    date: 'Tue, 21 Jul 2026 15:05:25 GMT',
    connection: 'close'
  },
  statusCode: 201,
  body: '{\n' +
    '  "activationLink" : "/papi/v1/properties/prp_884804/activations/atv_20150287?accountSwitchKey=B-M-1YX7F48%3A1-8BYUX"\n' +
    '}'
}
[2026-07-21T17:05:25.580] [INFO] devops-prov.openclient - Status code:  201
[2026-07-21T17:05:25.580] [INFO] devops-prov.openclient - Body:  {
  "activationLink" : "/papi/v1/properties/prp_884804/activations/atv_20150287?accountSwitchKey=B-M-1YX7F48%3A1-8BYUX"
}
[2026-07-21T17:05:25.580] [INFO] devops-prov.envionment - activation regex results:  [
  '/papi/v1/properties/prp_884804/activations/atv_20150287',
  'prp_',
  'atv_',
  '20150287',
  index: 0,
  input: '/papi/v1/properties/prp_884804/activations/atv_20150287?accountSwitchKey=B-M-1YX7F48%3A1-8BYUX',
  groups: undefined
]
